,Unnamed: 0,title,view,like,unlike,date,token
0,0,밴디트가 영화 보다 턱 빠진 이유는❓※고혈압 주의※ | BVNDIT | 이연 | 승은 | 조진웅 | 이하늬 | 블랙머니 | 표정리뷰,3775.0,55.0,5.0,2019. 12. 6.,"['블랙', '승은', '고혈압', '하늬', '머니', '이연', '주의', '영화', '조진', '이유', '정리']"
1,1,대자연의 날을 구원해줄 구원자의 등장 feat생리 전 PMS 내 맘을 알아주는 원스인어문딩고,2487.0,72.0,1.0,2019. 11. 30.,"['구원', '생리', '등장', '대자연', '인어', '구원자']"
2,2,퇴사 후 제주 한 달 살이 브이로그✨  소리 꼭 켜고 봐야함,62450.0,662.0,4.0,2019. 11. 29.,"['소리', '로그', '퇴사', '제주', '브이', '살이']"
3,3,캠핑 브이로그 일에 지쳐 숲 속 캠핑을 떠나는 그녀의 하루,65091.0,182.0,2.0,2019. 11. 27.,"['캠핑', '하루', '브이']"
4,4,안영미의 차원이 다른 리액션 대파티♨️ 솔직입담 무삭제버전 개멋지다 이언니feat생리 전 PMS 내 맘을 알아주는 원스인어문 l 고백부스딩고,531503.0,1000.0,632.0,2019. 11. 13.,"['삭제', '고백', '영미', '차원', '생리', '언니', '버전', '파티', '부스', '인어']"
5,5,세상에 하나뿐인 인생샷스튜디오에서 사진을 찍는다면 feat숙명여자대학교 | What if I met my Glamourshot,428789.0,550.0,144.0,2019. 11. 10.,"['인생', '숙명', '세상', '스튜디오', '대학교', '여자', '사진']"
6,6,부산 광안리에서 당신의 그 날을 고백하세요 feat생리 전 PMS 내 맘을 알아주는 원스인어문 l 고백부스 부산편 l 딩고,205306.0,204.0,59.0,2019. 11. 8.,"['고백', '생리', '부산', '부스', '인어']"
7,7,서울 한강 공원 한복판에 고백부스가 설치됐다 feat생리 전 PMS 내 맘을 알아주는 원스인어문 l  고백부스 서울편 l 딩고,394583.0,1000.0,589.0,2019. 11. 6.,"['설치', '공원', '한복판', '고백', '생리', '서울', '부스', '인어']"
8,8,신조어 맞히랬더니 거의 단어 재창조한 권상우 우도환ㅋㅋㅋㅋ | 키워드 워리어 | 신의 한 수: 귀수편,5897.0,193.0,2.0,2019. 10. 30.,"['창조', '단어', '상우', '키워드', '수편', '신조어']"
9,9,특히 귀 호강하는 이번주의 딩고 핫클립모음 | 딩고ZIP | 10월 넷째 주,2719.0,50.0,5.0,2019. 10. 27.,"['이번', '모음', '주의', '클립', '호강']"
10,10,이번 주는 처돌이들 다 드루와 니엘이 침앤펄 오반 건나블리 그리고 라이크 까지 핫클립모음 | 딩고ZIP | 10월 셋째 주,2544.0,84.0,0.0,2019. 10. 20.,"['이번', '돌이', '모음', '오반', '라이크', '클립']"
11,11,위기 탈출 새로운 시작 | 썸남 EP 후반부 하이라이트 | 장기용 최우식의 브로맨스 웹드라마,3136.0,61.0,1.0,2019. 10. 17.,"['후반부', '탈출', '하이라이트', '장기', '위기', '드라마', '시작']"
12,12,생리 전 다중인격vs살벌하게 소리치는 상사_결과는 feat생리 전 PMS 내 맘을 알아주는 원스인어문 EP02 마이빡다이어리딩고,655835.0,580.0,242.0,2019. 10. 17.,"['살벌', '결과', '마이', '생리', '리딩', '다중', '인격', '다이어', '인어', '상사']"
13,13,홈바바이브 터지는 키친 메이크오버 feat비스포크,4208.0,64.0,3.0,2019. 10. 16.,"['이브', '포크', '오버', '키친']"
14,14,3_꽃인턴 | 연예인들의 회사 체험기 딩고 꽃 인턴 모음 | 딩고 시리즈堂,2752.0,114.0,3.0,2019. 10. 16.,"['체험', '회사', '모음', '연예인', '인턴', '시리즈']"
15,15,웹드라마 로봇이 아닙니다 속 남사친의 정석 정성윤 | 로봇이 아닙니다 | 정성윤 모아보기,3510.0,120.0,0.0,2019. 10. 15.,"['정성', '로봇', '정석', '사친', '드라마']"
16,16,강다니엘이 갑자기 고양이 소리를 낸 이유는다녤이 한 번 웃어줄 때마다 딩고 심장 쿵 하고 내려 앉았자나ㅠㅠ / 50色 강다니엘,80180.0,9000.0,57.0,2019. 10. 14.,"['다니엘', '고양이', '심장', '소리']"
17,17,음악 드라마 예능 다 하는 콘텐츠 맛집 딩고의 핫클립모음 | 딩고ZIP | 10월 둘째 주,1816.0,52.0,2.0,2019. 10. 13.,"['고의', '예능', '모음', '콘텐츠', '드라마', '클립', '음악']"
18,18,꼭 한 쪽 가슴 잘라내야 돼한국유방건강재단핑크리본캠페인,3723.0,80.0,1.0,2019. 10. 11.,"['유방', '핑크', '재단', '건강', '한국', '리본', '캠페인', '가슴']"
19,19,이제는 스킨십이 너무 자연스러워진 두 남자 | 썸남 EP78 하이라이트 | 장기용 최우식의 브로맨스 웹드라마,3707.0,79.0,2.0,2019. 10. 10.,"['자연', '하이라이트', '장기', '스킨십', '드라마', '이제', '남자']"
20,20,2_의리게임 | 카메라 밖에서 내 아이돌의 의리는 | 딩고 시리즈堂,3917.0,208.0,1.0,2019. 10. 9.,"['아이', '게임', '카메라', '시리즈', '의리']"
21,21,로봇한테 이렇게 설레도 되는거야 | 로봇이 아닙니다 | 안도영 모아보기,3136.0,127.0,1.0,2019. 10. 8.,['로봇']
22,22,침앤펄로 킹 받고 시작하는 지난 주 핫클립모음 | 딩고ZIP | 10월 첫째 주,2265.0,74.0,4.0,2019. 10. 6.,"['모음', '클립']"
23,23,이 콘텐츠들 도대체 뭐얔ㅋㅋㅋㅋㅋ 딩고가 준비한 병맛 모아주ZIP  | 딩고ZIP | 병맛 편,3682.0,75.0,3.0,2019. 10. 3.,"['콘텐츠', '준비']"
24,24,점점 깊어지는 두 남자의 관계 | 썸남 EP56 하이라이트 | 장기용 최우식의 브로맨스 웹드라마,3001.0,71.0,3.0,2019. 10. 3.,"['하이라이트', '장기', '드라마', '관계', '남자']"
25,25,1_딩고문고 | 눈과 귀의 즐거움을 한 번에 느낄 수 있는 감성 영상 | 딩고 시리즈堂,3122.0,70.0,1.0,2019. 10. 2.,"['고문', '감성', '즐거움', '영상', '시리즈']"
26,26,웹드에서도 시원한 도카콜라 도아 얼굴 보다가 시간 순삭 주의 | 로봇이 아닙니다 | 한여름 모아보기,12952.0,354.0,5.0,2019. 10. 1.,"['순삭', '주의', '로봇', '얼굴', '한여름', '콜라', '시간']"
27,27,딩고 새 웹드 그리고 침앤펄의 킬링팟 지난 주 딩고의 핫클립모음 | 딩고ZIP | 9월 넷째 주,1999.0,41.0,3.0,2019. 9. 29.,"['고의', '모음', '클립']"
28,28,조회수 상승 소취 조회수 올려주ZIP  | 딩고ZIP | 조회수 낮은 편,2918.0,71.0,1.0,2019. 9. 26.,"['상승', '소취', '회수']"
29,29,남사친한테 고백받아본 적 있는 사람 썰스데이4_레전드 썰,8134.0,179.0,2.0,2019. 9. 26.,"['사람', '고백', '사친']"
30,30,친구들 앞에서 성형한 사실을 들켜버렸다 썰스데이3_레전드 썰,7475.0,179.0,1.0,2019. 9. 24.,"['성형', '사실', '친구']"
31,31,더세로크리에이터 최종 수상작 발표 l The sero l 세로영상,2825.0,57.0,1.0,2019. 9. 23.,"['최종', '세로', '크리', '발표', '영상', '수상작']"
32,32,웃겼다가 심쿵했다가 난리나는 이번 주 딩고 핫클립모음 | 딩고ZIP | 9월 셋째 주,2559.0,99.0,0.0,2019. 9. 22.,"['난리', '모음', '이번', '클립']"
33,33,구제 명품을 만 오천원에 겟할 수 있다구 가을코디는 여기에서 개미는 오늘도 EP04 광장시장편,7379.0,63.0,13.0,2019. 9. 20.,"['광장', '코디', '오늘', '명품', '가을', '시장', '구제', '개미']"
34,34,딩고에서 만드는 콘텐츠가 뭐가 있냐고 물으신다면 핫클립모음 | 딩고ZIP | 9월 둘째 주,2902.0,58.0,2.0,2019. 9. 19.,"['모음', '콘텐츠', '클립']"
35,35,소심이들 감정 이입돼서 댓글 대잔치 열렸던 바로 그 웹드 | 로봇이 아닙니다 | 차가은 모아보기,5672.0,182.0,2.0,2019. 9. 19.,"['이입', '감정', '차가', '로봇', '소심', '대잔치']"
36,36,뜨겁게 시작된 두 남자의 동거 브로맨스의 시작 | 썸남 EP34 하이라이트 |,3443.0,72.0,0.0,2019. 9. 19.,"['동거', '시작', '하이라이트', '남자']"
37,37,국민개통령 강형욱의 근본없는인터뷰 ㅋㅋㅋㅋ 딩고PD가 강형욱한테 혼난 사연은 근본없는인터뷰 강형욱편,47176.0,570.0,33.0,2019. 9. 16.,"['사연', '근본', '인터뷰', '개통', '국민']"
38,38,딩고 직원들 술안주 먹이는 몰카부터 CIX 새싹이들의 음향사고 세잘지2의 핫한 키스씬까지 핫클립모음  | 딩고ZIP | 9월 첫째 주,6551.0,136.0,0.0,2019. 9. 12.,"['사고', '새싹', '모음', '직원', '키스', '음향', '클립', '술안주']"
39,39,벽 하나를 둔 두 남자의 첫 만남 둘이 도대체 무슨 사이야 | 썸남 EP12 하이라이트 |,3575.0,73.0,2.0,2019. 9. 12.,"['하이라이트', '하나', '만남', '사이', '남자']"
40,40,딩고가 역대급 조회수 영상들 모아주ZIP  | 딩고ZIP | 조회수 높은 편,6530.0,179.0,2.0,2019. 9. 8.,"['영상', '역대', '회수']"
41,41,딩고 콘텐츠들이 궁금해 딩고 핫클립모음  | 딩고ZIP | 8월 다섯째 주,3687.0,73.0,1.0,2019. 9. 5.,"['모음', '콘텐츠', '클립']"
42,42,이해 안 가는 엄마의 행동들,182743.0,322.0,23.0,2019. 9. 5.,"['이해', '엄마', '행동']"
43,43,밀어내도 계속 들이대는 연하남 어떻게 해야 할까요 썰스데이1_레전드 썰,5035.0,115.0,0.0,2019. 9. 5.,"['연하', '내도']"
44,44,오늘 전 남친의 현 여친 생일 축하를 해주었다  썰스데이2_레전드 썰,8076.0,188.0,3.0,2019. 9. 4.,"['축하', '오늘', '남친', '생일']"
45,45,우리 엄마가 위험하다  엄마를 지켜라   보이스피싱  IBK 피싱스톱,5168.0,145.0,3.0,2019. 8. 8.,"['스톱', '위험', '엄마', '보이스']"
46,46,조정석 윤아가 딩고를 뒤집어 놓음ㅋㅋㅋ | 조정석 | 임윤아 | 고두심 | 김지영 | 엑시트 | yoona | 딩차딩차,86808.0,1000.0,16.0,2019. 7. 31.,"['시트', '고두', '조정', '지영', '아가']"
47,47,근본 없는 인터뷰 이세영편,337545.0,3000.0,60.0,2019. 7. 15.,"['근본', '이세영', '인터뷰']"
48,48,더 세로 크리에이터를 찾습니다,44216.0,113.0,1.0,2019. 7. 4.,"['세로', '크리']"
49,49,댄스 연습실에 솔라가 찾아온다면,398273.0,10000.0,85.0,2019. 7. 4.,"['댄스', '솔라', '연습실']"
50,50,신발가게 알바생이 이시언이라면,102478.0,1000.0,37.0,2019. 6. 22.,"['생이', '신발', '이시', '가게', '알바']"
51,51,여자 둘이 떠난 원주 여행 코스6,7171.0,185.0,0.0,2019. 6. 21.,"['여자', '원주', '코스', '여행']"
52,52,첫눈에 반한 오빠친구가 하필 I 역시 사람은 오래 봐야해@@,287405.0,1000.0,26.0,2019. 5. 31.,"['사람', '오빠', '첫눈', '친구']"
53,53,슬기로운 자취생활 박성광이 자취방에서 소리 지른 이유는,21861.0,84.0,7.0,2019. 5. 24.,"['소리', '생활', '이유', '자취방', '슬기', '자취']"
54,54,서울에서 혼자 산다면 꼭 알아둬야 할 것,47313.0,412.0,45.0,2019. 5. 17.,"['서울', '혼자']"
55,55,우리가 포기하지 않는 이유,10444.0,265.0,2.0,2019. 5. 15.,"['이유', '포기']"
56,56,갑분여름에 대처하는 치마신발반팔티쥬얼리추천 진짜 이쁨 / 얼리써머템 뽕뽑자,75686.0,357.0,18.0,2019. 5. 12.,"['신발', '대처', '치마', '반팔', '쥬얼리', '여름', '추천']"
57,57,박형식의 귀여운 유년 시절 20년전 희귀자료 ※눈물주의※ 졸귀탱 꼬꼬마가 아빠에게 쓰는 편지ㅠㅠ,69902.0,1000.0,23.0,2019. 4. 30.,"['유년', '시절', '눈물', '희귀', '꼬꼬마', '주의', '자료', '형식', '아빠', '편지']"
58,58,소름주의 사람은 고쳐쓰는 게 아니라더니 진짜 맞는 말,8580.0,200.0,5.0,2019. 4. 30.,"['사람', '소름', '주의']"
59,59,훈훈한 남사친 지수가 나의 고민을 들어준다면 | 내일을 응원해 | JISOO | 첫사랑은 처음이라서 | 딩고 | dingo,89440.0,1000.0,31.0,2019. 4. 25.,"['사친', '처음', '첫사랑', '지수', '고민', '응원', '내일']"
60,60,어쩌다보니 제일 싫어하는 애를 짝사랑하게 되버림ㅠavi,22640.0,497.0,12.0,2019. 4. 23.,['짝사랑']
61,61,학교에서 강제로 아침운동을 시켜봤더니,19061.0,366.0,8.0,2019. 4. 9.,"['학교', '아침', '운동', '강제']"
62,62,어느날 하하 별이 나타나 소원을 들어준다면 | 하하한테 이런 따뜻함이 | Haha & Byul Family,214252.0,1000.0,36.0,2019. 3. 13.,[]
63,63,스마트폰이 바꾼 우리의 10년역사를 뒤엎을 역대급 스마트폰이 나타났다,290454.0,785.0,34.0,2019. 2. 28.,"['역대', '역사']"
64,64,ENG SUB 레드벨벳 슬기가 우리 학교 선배라면 이런 느낌 ｜Red Velvet seulgi レッドベルベット,1735981.0,60000.0,349.0,2019. 2. 25.,"['학교', '선배', '슬기', '레드', '벨벳', '느낌']"
65,65,황우주 고등학교 자퇴하고 꽃인턴 취업했다구 치명+섹시돌 SF9의 스윗 존잘 모먼트,211055.0,8000.0,25.0,2019. 2. 22.,"['치명', '취업', '섹시', '자퇴', '인턴', '고등학교', '우주']"
66,66,누명 전문 배우 황우주의 본체_아이돌 SF9 찬희의 귀여움zip,171287.0,8000.0,29.0,2019. 2. 15.,"['황우', '아이', '주의', '전문', '본체', '누명', '배우']"
67,67,2019 ver 영국정복코스 A부터 Z까지 싹 다 정리해옴  5분 40초 야경 뷰 대박,42090.0,937.0,18.0,2019. 2. 3.,"['정복', '대박', '영국', '정리', '야경', '코스']"
68,68,삿포로에서 처음 본 남자 둘과♡ 연애와 여행사이in홋카이도 / 삿포로 2박3일 소개팅 / 오타루 비에이 숨은 맛집 / 한 편만에 끝나는 핫시st,73861.0,321.0,29.0,2019. 2. 2.,"['여행', '처음', '소개팅', '삿포로', '사이', '비에이', '편만', '연애', '오타루', '남자']"
69,69,파파레서피,17953.0,709.0,10.0,2019. 1. 30.,['파파']
70,70,막장고전 이춘풍전 ep2,4775.0,98.0,2.0,2019. 1. 29.,"['장고', '춘풍']"
71,71,막장고전 이춘풍전 ep1,5411.0,97.0,2.0,2019. 1. 29.,"['장고', '춘풍']"
72,72,쓰앵님의 셀피 상위 01% 안에 드는 법셀피캐슬,251196.0,615.0,102.0,2019. 1. 29.,['상위']
73,73,한 커플 어느 날 갑자기 덜컥 영국으로 꿈의 여행을 떠나게 되다 런던에서의 셀프웨딩이라니ㅠㅠㅠㅠ,7831.0,240.0,4.0,2019. 1. 25.,"['여행', '런던', '커플', '영국', '웨딩', '셀프']"
74,74,국내여행 반차만 쓰고도 가기 좋은 경기도 핫플레이스 10,94037.0,1000.0,15.0,2019. 1. 22.,"['여행', '반차', '국내', '가기', '플레이스']"
75,75,백만원 모아서 나트랑 호화여행  풀빌라 해상스파마사지 머드온천 당장 가고픔  나트랑 3박 5일 여행정보 꿀팁백만녀 EP3,7189.0,171.0,2.0,2019. 1. 18.,"['빌라', '여행', '스파', '마사지', '온천', '정보', '해상', '당장', '나트랑', '호화', '머드']"
76,76,잊지 못한 전남친의 생일이 다가왔다 l 다들 한번쯤은 전여친 전남친 프사랑 인스타 본적 있지 않음,56127.0,772.0,17.0,2019. 1. 18.,"['본적', '남친', '스타', '생일', '한번쯤']"
77,77,SNS 스타 유이가 알려주는 핫한 경기도 여행지 8 feat 오빠카드,47843.0,505.0,10.0,2019. 1. 17.,"['여행지', '카드', '오빠', '스타']"
78,78,그녀의 비밀,22980.0,404.0,8.0,2019. 1. 11.,['비밀']
79,79,친구랑 급으로 떠난 경기도 여행 코스 feat 반차가평 · 양평 당일치기로 할 수 있는 것들 5,99993.0,773.0,14.0,2019. 1. 3.,"['가평', '여행', '당일', '반차', '친구', '코스']"
80,80,주작왕 하루아침에 SNS스타가 되었다,562885.0,6000.0,176.0,2018. 12. 31.,"['아침', '하루', '스타', '주작']"
81,81,남사친에서 남친으로 발전한 썰 | 설렘주의 내 마음이 몰랑해짐 ㅠㅠ,423963.0,5000.0,99.0,2018. 12. 27.,"['마음', '남친', '주의', '사친', '발전']"
82,82,먹방왕세자 벤틀리가 밥상 뒤엎은 썰 Feat 궁녀 윌리엄 | 엄마미소 주의‼️너무 귀여움,39761.0,948.0,22.0,2018. 12. 22.,"['벤틀리', '궁녀', '밥상', '미소', '왕세자', '주의', '윌리엄', '엄마']"
83,83,수능 끝난 고3 교실이 눈물 바다가 된 사연은 사제동행 마지막 선물,1522275.0,10000.0,326.0,2018. 12. 20.,"['동행', '선물', '사연', '눈물', '수능', '교실', '바다', '마지막', '사제']"
84,84,급식이들 매일 밤 뭐하길래 피곤해 | 급식이들이 피곤한 이유 | 이거보면 꿀잠 예약,168112.0,3000.0,56.0,2018. 12. 18.,"['이유', '식이', '피곤', '예약']"
85,85,남녀 피임법 총정리 해 봄 이것이 진정한 성교육이다 | 체외 사정법 월경 주기법 하는 사람 필수 시청 | 콘돔 사용법 더블 더치 경구 피임약 성교육 피임 꿀팁 딩고,59030.0,698.0,29.0,2018. 12. 13.,"['피임약', '월경', '성교육', '진정', '콘돔', '사용법', '기법', '사정', '필수', '사람', '남녀', '피임법', '체외', '시청', '더블', '피임', '정리', '경구']"
86,86,여친집에 몰래 가봤는데 충격 생활의 정석 심쿵 남친 웹드라마 잘생기고 사랑스러운 커플이다ㅠㅠ,65213.0,840.0,36.0,2018. 11. 30.,"['생활', '남친', '커플', '정석', '드라마', '친집', '사랑', '충격']"
87,87,대배우 이시언에게 연기를 해본다면,782371.0,10000.0,154.0,2018. 11. 25.,"['연기', '이시', '대배우']"
88,88,세대별 인싸의 페이라이프,43985.0,399.0,38.0,2018. 11. 23.,"['세대', '라이프']"
89,89,고등리뷰 풋젤리편,10007.0,149.0,10.0,2018. 11. 22.,"['젤리', '고등', '리뷰']"
90,90,귀여운 로운이한테 진심 화낸 배우들ㅠㅠㅠ 그 와중에 로운이 춤 대박 | 딩고무비 초터뷰 | 해피 투게더 편 | 박성웅 송새벽,11730.0,200.0,3.0,2018. 11. 17.,"['여운', '고무', '성웅', '새벽', '와중', '배우', '대박', '진심']"
91,91,배우들 술자리 싸움 몰래 엿들음 ㅋㅋㅋ 대박이다 진짜… | 수상한 리뷰 | 해피투게더 | 최민식 이선균 한석규 김구라 김래원 유해진 양승원,74145.0,174.0,41.0,2018. 11. 16.,"['술자리', '승원', '싸움', '유해', '수상', '배우', '해피', '대박', '구라']"
92,92,우리가 알바를 결심하는 순간들,53445.0,823.0,22.0,2018. 11. 15.,"['순간', '결심', '알바']"
93,93,두근 다시 심장이 뛸 수 있는 이유,100195.0,189.0,19.0,2018. 11. 14.,"['이유', '심장']"
94,94,방구석 로망 - 삼성 에어드레서,8047.0,126.0,8.0,2018. 11. 10.,"['드레서', '삼성', '로망', '에어', '방구석']"
95,95,존조 동안 비결이 소주라고 | 딩고 무비 콜링유_존조편 | 서치 VOD 출시,9349.0,280.0,2.0,2018. 10. 26.,"['존조', '비결', '무비', '동안', '출시', '소주', '서치']"
96,96,비밀연애의 설레는 순간들,176620.0,2000.0,27.0,2018. 10. 25.,"['비밀', '순간', '연애']"
97,97,귀여운 찐따가 여신에게 반해 변하는 과정 생활의 정석 / 존잘러로 변화시키는 인싸템 귀여운 청춘 웹드라마 너무 귀여움ㅠㅠ,604921.0,6000.0,266.0,2018. 10. 19.,"['생활', '과정', '청춘', '변화', '정석', '드라마', '여신']"
98,98,배그가 조선시대에 있었다면 사녹수 배틀그라운드 추석 스킨 출시 | battleground sanhok,18863.0,312.0,8.0,2018. 9. 21.,"['스킨', '시대', '추석', '조선', '녹수', '그라운드', '출시']"
99,99,우리 윤주 하고 싶은 거 다 해 EP2,14521.0,276.0,6.0,2018. 9. 20.,[]
100,100,ㅇㅇ에 빠져 있던 남사친이 학교에서 갑자기 사라졌다 중독이 이렇게 무섭습니다ㅠㅠㅠ,69838.0,1000.0,39.0,2018. 9. 17.,"['학교', '중독', '사친']"
101,101,배그 때문에 결국 여친이랑 싸움 배그로 만난썰 두번째 이야기,201806.0,2000.0,85.0,2018. 9. 14.,"['그로', '이야기', '이랑', '싸움', '결국', '만난']"
102,102,우리 윤주 하고 싶은 거 다 해,14392.0,357.0,2.0,2018. 9. 13.,[]
103,103,IS_이케아 가로수길 핫플레이스 이케아 팝업 스토어,8573.0,143.0,7.0,2018. 9. 11.,"['스토어', '플레이스', '가로수', '팝업']"
104,104,돈스파이크가 만드는 음식 돈스파이크 / 대식 요정의 대식 먹방 / 돈가스스파게티스테이크,145133.0,1000.0,63.0,2018. 8. 31.,"['음식', '대식', '요정', '스테이크', '스파이크', '돈가스', '스파게티']"
105,105,내가 좋아하는 음식이 갑자기 말을 한다면/ 리얼동심카메라 '아이컨택' 2화,33625.0,977.0,10.0,2018. 8. 30.,"['아이', '음식', '리얼', '동심', '카메라']"
106,106,딩고맘 랜덤박스 아내를 위한 남편과 백종원의 서프라이즈 감동 이벤트 / 감동한 아내도 울고 그걸 본 남편도 울고 서프라이즈 후 완전 눈물 바다 ㅠㅠ,863475.0,6000.0,277.0,2018. 8. 24.,"['감동', '박스', '남편', '이벤트', '눈물', '랜덤', '완전', '아내', '백종', '바다', '원의', '프라이']"
107,107,클럽가면 꼭 있는 사람 BEST 10,95306.0,2000.0,33.0,2018. 8. 24.,"['사람', '클럽']"
108,108,캐리비안베이 200% 즐기기,67162.0,839.0,14.0,2018. 8. 23.,"['베이', '캐리']"
109,109,가십걸즈 3 전남친이 환승한 그녀의 정체는,536768.0,4000.0,165.0,2018. 8. 23.,"['가십', '남친', '정체']"
110,110,수상한 요가교실 갑자기 여자아이들 우기 수진이 요가하던 사람들과 몸빼바지를 입고 춤을 추게 된 사연은Feat여자아이들 우기 수진,350394.0,10000.0,120.0,2018. 8. 23.,"['아이', '사연', '요가', '교실', '사람', '수상', '여자', '수진']"
111,111,JYP 일일 연습생이 된 딩고feat스트레이키즈,883352.0,50000.0,309.0,2018. 8. 10.,"['키즈', '연습', '레이', '일일']"
112,112,청하가 우리집에 놀러왔따 / 모닝콜을 부탁해 청하 편,2218016.0,20000.0,512.0,2018. 8. 10.,"['부탁', '청하', '모닝콜', '우리집']"
113,113,갤럭시노트9 스펙 먼저 뜯어보기,39287.0,566.0,18.0,2018. 8. 10.,['노트']
114,114,훈남 아이돌의 틈새 팬층 공략기 오늘부터 입덕행_빅톤 편,83058.0,4000.0,24.0,2018. 8. 3.,"['아이', '틈새', '공략', '오늘', '덕행']"
115,115,세상의 하나뿐인 피규어를 선물해 준 유병재,49560.0,1000.0,22.0,2018. 8. 2.,"['세상', '선물', '유병']"
116,116,근본 없는 인터뷰 조현우편,1091482.0,10000.0,209.0,2018. 8. 1.,"['근본', '조현', '우편', '인터뷰']"
117,117,근본없는 인터뷰세미나 편,139499.0,2000.0,35.0,2018. 7. 31.,"['근본', '세미나', '인터뷰']"
118,118,조현우 대헤어 그것이 알고싶은 딩고수첩 feat 보물섬 강민석,2398693.0,20000.0,674.0,2018. 7. 31.,"['현우', '고수', '보물섬']"
119,119,수상한 돌잔치 세븐틴 때문에 사람들이 갑자기 모두 기절한 이유는Feat SEVENTEEN 정한 우지,781482.0,30000.0,141.0,2018. 7. 27.,"['기절', '사람', '수상', '잔치', '이유', '우지']"
120,120,아이분장을 한 어른이 5살 어린이에게 친구라고 한다면/ 리얼동심카메라 아이컨텍,63982.0,1000.0,17.0,2018. 7. 26.,"['아이', '어린이', '리얼', '동심', '친구', '어른', '분장', '카메라']"
121,121,수상한 치킨집 에이핑크가 치킨집에서 갑자기 격한 댄스타임을 벌인 이유는 Feat Apink 초롱 남주,491025.0,9000.0,107.0,2018. 7. 17.,"['댄스', '핑크', '에이', '초롱', '수상', '이유', '치킨', '타임']"
122,122,세상에서 가장 쓸모있는 선물,49804.0,632.0,19.0,2018. 7. 17.,"['세상', '선물', '쓸모']"
123,123,알래스카에서 잡은 연어 vs 알래스카로 배송된 연어 뭐가 더 맛있을까,23696.0,189.0,34.0,2018. 7. 14.,"['배송', '연어']"
124,124,보미가 애교에 야구데이트까지 해준다면 / 모닝콜을 부탁해 에이핑크 보미편 Apink Bomi,466390.0,7000.0,94.0,2018. 7. 13.,"['미가', '핑크', '에이', '부탁', '애교', '야구', '데이트', '모닝콜']"
125,125,워터파크 가고 싶은 사람,15818.0,277.0,14.0,2018. 7. 12.,"['사람', '워터']"
126,126,수상한 레스토랑 뉴이스트W가 밥 먹다가 갑자기 왈츠를 추게 된 사연은 Feat JR김종현 백호강동호,234132.0,10000.0,45.0,2018. 7. 6.,"['이스트', '사연', '백호', '자기', '레스토랑', '왈츠', '수상']"
127,127,학교 최고의 순정남이 알고보니 바람둥이였다고 내가 여친이였으면 진심 개빡쳤을 듯 ㅂㄷㅂㄷ,179831.0,1000.0,43.0,2018. 7. 6.,"['학교', '최고', '바람둥이', '정남', '진심']"
128,128,PC방 어택 현식이 PC방 옆자리에 앉는다면 9 비투비 현식,536938.0,10000.0,157.0,2018. 7. 4.,"['식이', '어택', '자리', '투비']"
129,129,좋아하는 아이돌이 치킨 가지고 학교까지 찾아옴 ㄹㅇ 힘든 거 싹 잊을 듯｜치킨어택,675661.0,9000.0,120.0,2018. 6. 28.,"['아이', '학교', '돌이', '어택', '치킨']"
130,130,야구장에서 전 남친이랑 마주쳤을 때 생기는 일 | 키썸의 강력 추천 고정력 갑 어반디케이 픽서,354923.0,4000.0,74.0,2018. 6. 22.,"['남친', '반디', '케이', '정력', '추천', '야구장']"
131,131,축구할 때 이런 애들 꼭 있다,1962219.0,10000.0,1000.0,2018. 6. 18.,['축구']
132,132,아슬아슬 썸 타는 남녀 사이를 해설과 캐스터가 중계한다면 / 이건모지톡 썸에서 연애로 가는 길,151158.0,1000.0,71.0,2018. 6. 15.,"['해설', '사이', '남녀', '캐스터', '중계', '연애', '모지']"
133,133,빙탄소년단 곽윤기가 아침부터 모닝'춤'을 춰 준다면 / 모닝콜을 부탁해 곽윤기 편,56242.0,897.0,44.0,2018. 6. 15.,"['아침', '부탁', '소년단', '모닝', '윤기', '빙탄', '모닝콜', '기가']"
134,134,한여름 클럽에서 연하남 겟한 키썸의 솔직 후기 | 고정력 쩐다는 어반디케이 픽서,268400.0,2000.0,111.0,2018. 6. 8.,"['연하', '반디', '클럽', '고정', '케이', '후기', '여름']"
135,135,쥬라기 월드 : 폴른 킹덤 200만 돌파해서 신난 공룡이들 댄스 파티,13117.0,408.0,10.0,2018. 6. 8.,"['댄스', '돌파', '쥬라기', '공룡', '파티']"
136,136,아빠의 스웩이 폭발할 때,343845.0,4000.0,94.0,2018. 6. 1.,"['아빠', '폭발']"
137,137,배틀그라운드로 만난 이야기 배그썰,1734315.0,10000.0,751.0,2018. 5. 31.,"['이야기', '그라운드']"
138,138,현관문을 열었더니 여자친구가 / 모닝콜을 부탁해 여자친구 편 GFRIEND,761629.0,10000.0,222.0,2018. 5. 26.,"['현관문', '부탁', '친구', '여자', '모닝콜']"
139,139,크러쉬가 감미로운 라이브로 아침을 깨워준다면 / 모닝콜을 부탁해 크러쉬 편,412403.0,6000.0,70.0,2018. 5. 22.,"['부탁', '아침', '라이브', '모닝콜']"
140,140,수상한 미용실 미용실에서 시어머니와 며느리가 날 사이에 두고 싸운다면 With 오마이걸 승희 미미,583391.0,9000.0,156.0,2018. 5. 11.,"['승희', '시어머니', '마이', '미용실', '며느리', '사이', '수상']"
141,141,Sony 진동 속으로,12159.0,193.0,6.0,2018. 5. 4.,['진동']
142,142,사내 비밀 연애하던 전 남친에게 청첩장을 받았다 전화위복 / 동의어보감 AHC 특별편,912031.0,8000.0,224.0,2018. 5. 4.,"['남친', '비밀', '어보', '전화위복', '특별', '연애', '청첩장', '사내']"
143,143,아침에 눈 떴는데 오마이걸이 눈 앞에서 모닝콜을 불러준다면 / 모닝콜을 부탁해 오마이걸 효정&유아 편 OH MY GIRL,306401.0,4000.0,108.0,2018. 5. 2.,"['아침', '부탁', '마이', '걸이', '모닝콜', '유아']"
144,144,사랑 받는다고 느끼는 순간,542228.0,4000.0,324.0,2018. 5. 1.,"['순간', '사랑']"
145,145,리얼 훈남 인터뷰 훈터뷰 Stray Kids 현진&아이엔정인,397057.0,20000.0,76.0,2018. 4. 27.,"['정인', '아이', '리얼', '인터뷰']"
146,146,걸그룹 데뷔를 앞둔 한 소녀에게 어마무시한 일이 일어났다 데뷔 전부터 살벌한 신인 걸그룹 '아이들' ,309564.0,8000.0,84.0,2018. 4. 26.,"['살벌', '아이', '그룹', '데뷔', '시한', '소녀', '신인', '마무']"
147,147,롯데월드에 깜짝 방문한 에릭남이 나의 일일 남친이 되어준다면 / 행복한 사진관 에릭남 편,252468.0,3000.0,19.0,2018. 4. 20.,"['남친', '일일', '방문', '나의', '사진관', '행복']"
148,148,클럽에서 이상형인 여자 DJ와 눈이 맞았다 드디어 썸 시작 with SONY XPERIA XZ2,207603.0,1000.0,84.0,2018. 4. 20.,"['시작', '여자', '클럽', '이상형']"
149,149,입만산세끼 숙취 해소에 좋은 음식,24487.0,283.0,16.0,2018. 4. 20.,"['숙취', '음식', '해소', '세끼']"
150,150,딩고에 윤성빈이 떴다 평창 올림픽 스켈레톤 금메달리스트와 함께 하는 근본없는 인터뷰,322771.0,4000.0,69.0,2018. 4. 13.,"['리스트', '근본', '올림픽', '인터뷰', '금메달', '성빈']"
151,151,꽃인턴 역대급 비주얼 남기고 간_에릭남feat세븐틴 승관&버논,195202.0,9000.0,24.0,2018. 4. 13.,"['비주얼', '역대', '인턴']"
152,152,돼동여지도강남 맛집,460974.0,10000.0,198.0,2018. 4. 11.,"['강남', '지도', '동여']"
153,153,남녀 서로 못보는 상태에서 대화 향기 느낌으로만 소개팅을 한다면,113274.0,773.0,202.0,2018. 4. 10.,"['소개팅', '상태', '남녀', '대화', '향기', '느낌']"
154,154,핑크빛 알바생으로 나타난 레드벨벳이 준비한 깜짝 이벤트,4370304.0,80000.0,1000.0,2018. 4. 7.,"['이벤트', '준비', '핑크빛', '레드', '벨벳', '알바']"
155,155,다이어트 챌린지 우승자는 문화여고 칭구들 맘마미아 다이어트 챌린지,134669.0,1000.0,22.0,2018. 4. 7.,"['챌린지', '문화', '우승자', '다이어트', '여고', '미아', '맘마']"
156,156,지원영상 하이라이트 SF9 맘마미아 다이어트 챌린지,32404.0,380.0,5.0,2018. 4. 7.,"['챌린지', '지원', '하이라이트', '다이어트', '영상', '미아', '맘마']"
157,157,맨날 말로만 다이어트 한다고 하는 사람들 이거 꼭 봐야함 팩트 폭력 제대로 맞음ㅠㅠㅠ,14956.0,163.0,7.0,2018. 4. 6.,"['폭력', '다이어트', '사람', '제대', '말로']"
158,158,근본없는 인터뷰 세븐틴 '부석순'편,1126760.0,20000.0,162.0,2018. 4. 6.,"['근본', '부석', '인터뷰']"
159,159,베이킹포유5 퐁당 오 쇼콜라,27031.0,519.0,9.0,2018. 4. 6.,"['베이', '포유', '콜라']"
160,160,직장에서 사랑이 시작될때,662122.0,3000.0,204.0,2018. 4. 6.,"['시작', '사랑', '직장']"
161,161,딩고문고 허먼 멜빌 '모비딕' 클램 차우더 편 asmr,12666.0,361.0,5.0,2018. 4. 2.,"['차우더', '모비딕', '문고']"
162,162,슬기로운 솔로생활제주도 여행 편,10405.0,206.0,5.0,2018. 3. 31.,"['슬기', '여행', '생활', '솔로']"
163,163,동의어보감 홈파티편,16345.0,199.0,11.0,2018. 3. 30.,"['파티', '보감', '동의어']"
164,164,매일매일 스트레스 투성이인 직장인들의 멘붕 탈출법,19016.0,243.0,19.0,2018. 3. 30.,"['탈출', '매일', '직장인']"
165,165,SF9 로운 X 하상욱 아이돌 훈남룩을  남팬이 직접 따라 입어 보았다,103718.0,2000.0,31.0,2018. 3. 29.,"['하상', '아이']"
166,166,타임머신을 타고 100년 뒤 농업이 사라진 시대로 가 보았다,19380.0,286.0,11.0,2018. 3. 29.,"['타임머신', '시대', '농업']"
167,167,행복한사진관 갓세븐 GOT7 진영,1006941.0,30000.0,157.0,2018. 3. 23.,"['사진관', '진영', '행복']"
168,168,공대여신에게 사랑받는 법,1372285.0,8000.0,375.0,2018. 3. 23.,"['공대', '여신']"
169,169,베이킹포유4 말차스콘,19482.0,417.0,7.0,2018. 3. 23.,"['베이', '포유', '말차']"
170,170,3m 청소는 하고 쉽다 시즌2,4956.0,102.0,1.0,2018. 3. 23.,"['시즌', '청소']"
171,171,나의 모든 순간 KB,15644.0,320.0,6.0,2018. 3. 20.,['순간']
172,172,*상금 100만원* SF9과 딩고가 함께하는 MAMMA MIA 다이어트 챌린지 오픈,1065003.0,10000.0,145.0,2018. 3. 19.,"['다이어트', '오픈', '챌린지']"
173,173,200% 즐기기 모로코 편,5590.0,147.0,2.0,2018. 3. 16.,"['기기', '모로코']"
174,174,딩고문고 안도현 '스며드는 것' 간장게장 레시피 asmr,28027.0,366.0,18.0,2018. 3. 16.,"['안도현', '게장', '문고', '간장']"
175,175,기승전팁 뉴 홈파티 칵테일 레시피,15004.0,375.0,2.0,2018. 3. 16.,"['파티', '칵테일', '기승']"
176,176,미식한고독가 더 페이머스 버거 feat 로꼬 / 어반자카파,59355.0,972.0,11.0,2018. 3. 14.,"['반자', '카파', '고독', '미식']"
177,177,프로 인생상담러 공신 강성태가 취업준비생에게 전하는 리얼 팩폭 공부는 이렇게 하는거야,134480.0,1000.0,57.0,2018. 3. 14.,"['인생', '프로', '강성', '공신', '리얼', '취업', '준비', '공부', '상담']"
178,178,메리와테이블 EP02 생일축하해 소고기 미역국 레시피,7606.0,164.0,3.0,2018. 3. 2.,"['테이블', '미역국', '고기', '메리', '축하', '생일']"
179,179,셰프의 레시피 박영호 셰프의 버섯 파스타,10482.0,215.0,5.0,2018. 3. 2.,"['영호', '파스타', '버섯']"
180,180,우리의 사랑이 시작되는 순간들데이팅 앱으로 너를 발견한 순간,1401219.0,10000.0,267.0,2018. 2. 28.,"['데이팅', '발견', '순간', '시작', '사랑']"
181,181,딩고문고 JRR톨킨 '반지의제왕' 렘바스 레시피 asmr,13300.0,302.0,6.0,2018. 2. 28.,"['반지', '고문', '제왕']"
182,182,우리가 살면서 불만에 대처하는 자세 5,340324.0,3000.0,122.0,2018. 2. 27.,"['대처', '불만', '자세']"
183,183,행복한사진관2PM 준호가 증명사진을 찍어준다면,418028.0,7000.0,54.0,2018. 2. 27.,"['증명', '사진', '사진관', '준호', '행복']"
184,184,나도 개헌에 참여해보았다,9889.0,174.0,16.0,2018. 2. 26.,"['개헌', '나도', '참여']"
185,185,기승전팁 스타벅스 시크릿 레시피 2018ver,28704.0,694.0,38.0,2018. 2. 24.,"['기승', '스타', '시크']"
186,186,얼리돼답터 너만 몰랐던 대존맛 히든 맛집 BEST4,17723.0,363.0,3.0,2018. 2. 16.,[]
187,187,셰프의레시피 김민지셰프의 콩나물 냉채,4082.0,87.0,0.0,2018. 2. 16.,"['민지', '콩나물', '냉채']"
188,188,아바타스쿨 세븐틴SEVENTEEN이 수상한 모습으로 학교에 나타난 이유는,4403537.0,100000.0,966.0,2018. 2. 14.,"['학교', '모습', '수상', '이유', '스쿨']"
189,189,딩고문고 황정은 '계속해보겠습니다' 만두 레시피 asmr,12233.0,269.0,4.0,2018. 2. 14.,"['계속', '고문', '만두', '정은']"
190,190,얼리돼답터 너만 몰랐던 대존맛 히든카페 BEST5,29624.0,906.0,6.0,2018. 2. 9.,['카페']
191,191,얼리돼답터제주가 넘치는 맛집 베스트5,15185.0,219.0,8.0,2018. 2. 9.,"['베스트', '제주']"
192,192,한라아이스하키 꽤나 매력적이잖아,3477.0,64.0,4.0,2018. 2. 8.,"['아이스하키', '매력적']"
193,193,심쿵주의 남친에게 방탄소년단 BTS 팬인 아미임을 밝혔을 때 남친의 리얼반응,554801.0,10000.0,456.0,2018. 2. 3.,"['반응', '남친', '리얼', '주의', '아미', '소년단', '방탄']"
194,194,괌 필수 먹방 투어 TOP13,21044.0,454.0,3.0,2018. 2. 2.,"['필수', '투어']"
195,195,여사친에게 남사친이 남자로 보이는 순간 7,2894814.0,10000.0,763.0,2018. 2. 2.,"['순간', '남자', '사친']"
196,196,셰프의 레시피 박영호의 '맥 앤 치즈',14939.0,275.0,9.0,2018. 2. 2.,"['영호', '치즈']"
197,197,딩고문고 무라카미 하루키 '노르웨이의 숲' 관서식 계란말이 레시피 asmr,33145.0,730.0,16.0,2018. 1. 31.,"['고문', '계란', '서식', '하루', '노르웨이']"
198,198,얼리돼답터 괌 200% 즐기기,30887.0,658.0,9.0,2018. 1. 26.,[]
199,199,딩고문고 신경숙 '엄마를 부탁해' 문어숙회 편,22041.0,355.0,15.0,2018. 1. 24.,"['부탁', '고문', '엄마']"
200,200,셰프의 레시피 민스키친의 소고기 찹쌀구이,3325.0,34.0,4.0,2018. 1. 23.,"['친의', '고기', '찹쌀', '구이', '스키']"
201,201,대리운전을 불렀는데 소중한 사람이 나온다면,33634.0,344.0,5.0,2018. 1. 22.,"['사람', '대리', '운전']"
202,202,PC방어택 청하와 PC방 데이트를 해본다면 8 청하,1545025.0,10000.0,270.0,2018. 1. 20.,"['어택', '청하', '데이트']"
203,203,괌 마트에서 꼭 사야하는 간식 BEST19,28935.0,521.0,5.0,2018. 1. 19.,"['마트', '간식']"
204,204,MXM이 증명사진을 찍어준다면,138984.0,5000.0,27.0,2018. 1. 17.,"['증명', '사진']"
205,205,딩고문고 루시 M 몽고메리 '빨강머리 앤' 라즈베리 코디얼 편,18635.0,496.0,8.0,2018. 1. 17.,"['머리', '라즈베리', '메리', '빨강', '루시', '문고']"
206,206,술자리에 조세호가 나타난다면 2탄 - 형이 왜 또 거기서 나와,27454.0,253.0,15.0,2018. 1. 17.,"['술자리', '조세']"
207,207,술자리에 조세호가 나타난다면 1탄 - 형이 왜 거기서 나와,45943.0,361.0,15.0,2018. 1. 16.,"['술자리', '조세']"
208,208,셰프의 레시피 양출쿠킹의 간장 닭 구이 덮밥,14245.0,293.0,5.0,2018. 1. 16.,"['덮밥', '구이', '간장']"
209,209,미식한 고독가 부산 맛집 편,17474.0,268.0,7.0,2018. 1. 12.,"['부산', '고독', '미식']"
210,210,딩고문고 현진건 '운수 좋은 날' 설렁탕 편,19595.0,289.0,8.0,2018. 1. 10.,"['고문', '설렁탕', '현진건']"
211,211,셰프의 레시피 김양출의 항정살 덮밥,16297.0,259.0,12.0,2018. 1. 9.,"['덮밥', '항정']"
212,212,산타가 나타나 내 꿈을 응원해준다면,31903.0,672.0,7.0,2018. 1. 5.,"['응원', '산타']"
213,213,PC방어택 에이핑크 오하영이 내 여자친구라면 7,1737996.0,10000.0,352.0,2017. 12. 28.,"['핑크', '에이', '친구', '여자', '어택']"
214,214,수상한 스시집 스시집에서 세븐틴이 밥 먹다가 갑자기 춤을 추게된 사연은 With SEVENTEEN 호시 민규 ENG sub,3700392.0,100000.0,527.0,2017. 12. 28.,"['호시', '수상', '사연']"
215,215,딩고문고 김애란 '바깥은 여름' 우럭 미역국 편,14215.0,311.0,8.0,2017. 12. 27.,"['미역국', '여름', '문고', '바깥']"
216,216,셰프의 레시피 레이먼 킴의 미드가르드 '등심 스테이크',10992.0,153.0,7.0,2017. 12. 26.,"['스테이크', '레이']"
217,217,꽃인턴 빅톤VICTON,82093.0,3000.0,18.0,2017. 12. 23.,['인턴']
218,218,딩고문고 에쿠니가오리 '도쿄타워' 인스턴트 커피 편,17475.0,298.0,5.0,2017. 12. 23.,"['가오리', '고문', '커피', '인스턴트', '타워']"
219,219,여사친아 부탁해 아직도 여친 크리스마스 선물을 준비하지 못했다고,8603.0,133.0,13.0,2017. 12. 23.,"['선물', '부탁', '준비', '크리스마스', '사친']"
220,220,메리와테이블 EP01 매운맛이 필요해 닭볶음탕 계란찜 레시피,11118.0,180.0,9.0,2017. 12. 23.,"['테이블', '계란찜', '메리', '매운맛', '닭볶음탕', '필요']"
221,221,고기TV 드라이에이징 편,104348.0,664.0,31.0,2017. 12. 22.,"['에이징', '고기', '드라이']"
222,222,근본없는 인터뷰김동완편,72041.0,2000.0,5.0,2017. 12. 22.,"['근본', '인터뷰']"
223,223,셰프의 레시피 레이먼 킴의 리코타 펜네 파스타,6997.0,135.0,5.0,2017. 12. 19.,"['레이', '리코', '파스타']"
224,224,딩고속보어묵 국물 맛 어묵티 화제,17423.0,241.0,16.0,2017. 12. 18.,"['화제', '보어', '어묵', '국물', '고속']"
225,225,심쿵주의 나를 심쿵하게 만드는 남자친구의 귀여운 철벽,176556.0,2000.0,99.0,2017. 12. 15.,"['남자', '철벽', '주의', '친구']"
226,226,고기TV뼈대 있는 고기 특집,243379.0,1000.0,89.0,2017. 12. 15.,"['고기', '특집', '뼈대']"
227,227,수고했어 오늘도 박원순이 야식을 들고 찾아온다면 28 박원순,156640.0,1000.0,137.0,2017. 12. 13.,"['야식', '박원', '수고']"
228,228,200%즐기기유니버설 스튜디오 재팬 크리스마스,16196.0,257.0,6.0,2017. 12. 11.,"['스튜디오', '기기', '크리스마스', '유니버설']"
229,229,200%즐기기유니버설 스튜디오 재팬 해리포터 크리스마스,9278.0,252.0,5.0,2017. 12. 9.,"['유니버설', '포터', '해리', '스튜디오', '크리스마스', '기기']"
230,230,PC방어택 스티치가 내 옆에서 트레를 꺼낸다면 6 러너웨이 스티치,1474250.0,10000.0,253.0,2017. 12. 9.,"['어택', '러너', '스티치']"
231,231,꽃인턴 세븐틴 SEVENTEEN,824582.0,30000.0,132.0,2017. 12. 1.,['인턴']
232,232,우리의 사랑이 시작되는 순간들강릉편,528334.0,2000.0,106.0,2017. 11. 30.,"['시작', '사랑']"
233,233,딩고속보 셀럽 다이어트템,7120.0,124.0,3.0,2017. 11. 25.,"['다이어트', '고속']"
234,234,심쿵주의 나를 심쿵하게 만드는 여친의 말들,165022.0,2000.0,59.0,2017. 11. 24.,"['주의', '친의']"
235,235,re:play EXID리플레이 이엑스아이디2화 처음 공개하는 EXID 솔지의 이야기,276013.0,4000.0,41.0,2017. 11. 18.,"['이야기', '엑스', '처음', '공개', '아이디', '지의', '플레이']"
236,236,3시 내고향 전라도 편,1506096.0,30000.0,386.0,2017. 11. 15.,"['내고', '전라도']"
237,237,엄마의 버킷리스트 EP01,16858.0,326.0,6.0,2017. 11. 15.,"['리스트', '엄마', '버킷']"
238,238,re:play EXID리플레이 이엑스아이디1화 EXID 멤버들이 직접 얘기하는 각종 루머들,559906.0,9000.0,71.0,2017. 11. 11.,"['멤버', '엑스', '아이디', '각종', '루머', '얘기', '플레이']"
239,239,re:play EXID리플레이 이엑스아이디 솔지 한마디에 울음바다 된 EXID 멤버들 ★딩고 최초공개★,686708.0,9000.0,99.0,2017. 11. 7.,"['울음', '멤버', '엑스', '한마디', '최초', '아이디', '공개', '바다', '플레이']"
240,240,PC방어택 B1A4 바로가 내 친오빠라면 5 B1A4 바로,1359350.0,10000.0,291.0,2017. 11. 4.,"['친오빠', '어택']"
241,241,딩고속보 *올드보이하우스* 오픈,4003.0,48.0,0.0,2017. 11. 3.,"['하우스', '보이', '올드', '오픈', '고속']"
242,242,이하늬가 나타나 나의 고민을 들어준다면,269683.0,2000.0,53.0,2017. 10. 31.,"['하늬', '고민']"
243,243,심쿵주의 나를 심쿵하게 만드는 여자친구의 한마디,84635.0,1000.0,37.0,2017. 10. 27.,"['여자', '한마디', '주의', '친구']"
244,244,꽃인턴사랑둥이vs잘생쁨 GOT7 잭슨&진영,915924.0,30000.0,140.0,2017. 10. 23.,"['사랑', '진영', '인턴']"
245,245,심심테스트 B1A4가 화나서 촬영장을 뛰쳐나간 이유는,170496.0,4000.0,23.0,2017. 9. 29.,"['이유', '테스트', '촬영장']"
246,246,꽃인턴인간비타민 피오가 후배로 들어온다면,185362.0,6000.0,16.0,2017. 9. 29.,"['오가', '후배', '인턴', '비타민', '인간']"
247,247,오늘모해 B1A4 멤버들과 함께 좀비월드 놀러감full ver/비하인드 영상 공개,110258.0,3000.0,13.0,2017. 9. 26.,"['멤버', '공개', '좀비', '오늘', '영상', '하인드', '모해']"
248,248,들으면 기분 좋아지는 말 10feat피오,23944.0,1000.0,2.0,2017. 9. 26.,['기분']
249,249,오늘모해 지켜주고 싶은 남자들과 좀비월드 놀러감featB1A4,156592.0,5000.0,26.0,2017. 9. 21.,"['오늘', '좀비', '남자', '모해']"
250,250,마동석의 핑크빛사랑ep3 핑크빛사이_최종화,85649.0,782.0,15.0,2017. 9. 21.,"['최종', '동석', '사이', '핑크빛', '사랑']"
251,251,훈터뷰 MXM 임영민X김동현,151505.0,6000.0,25.0,2017. 9. 15.,[]
252,252,리얼술자리털기 한잔TALK 남자가 진짜 좋아하는 여자를 만났을 때 하는 행동 with 엔플라잉,563773.0,4000.0,85.0,2017. 9. 14.,"['술자리', '리얼', '플라잉', '행동', '여자', '남자']"
253,253,수상한 버스 임영민이 버스에서 알파카 댄스를 추게 된 사연은 WithMXM,501690.0,10000.0,97.0,2017. 9. 8.,"['댄스', '사연', '알파카', '수상', '버스']"
254,254,마동석의 핑크빛 사랑ep2 핑크빛 만남,160826.0,1000.0,23.0,2017. 9. 6.,"['핑크빛', '동석', '만남', '사랑']"
255,255,랜선집들이 귀염부부의 미니멀리즘 신혼집,47080.0,356.0,31.0,2017. 9. 2.,"['부부', '귀염', '신혼', '선집', '미니멀']"
256,256,훈터뷰 빅톤 병찬 X 세준,114922.0,4000.0,15.0,2017. 9. 1.,[]
257,257,마동석의 핑크빛 사랑 ep1 핑크빛 기류,237348.0,1000.0,39.0,2017. 9. 1.,"['핑크빛', '동석', '사랑', '기류']"
258,258,리얼술자리털기 한잔TALK 술 마시고 다음날 우리들의 진짜 모습,128681.0,629.0,22.0,2017. 8. 31.,"['술자리', '진짜', '모습', '리얼', '다음날']"
259,259,심심테스트 남자들에게 음란마귀 테스트를 시켜봤다 With빅톤VICTON,603093.0,10000.0,157.0,2017. 8. 26.,"['음란', '테스트', '남자']"
260,260,꽃인턴 JBJ 김동한 & RAINZ 장대현,130003.0,3000.0,23.0,2017. 8. 25.,"['장대', '동한', '인턴']"
261,261,리얼술자리털기 한잔TALK 솔로들이 알아둬야 할 헌팅률 UP 시키는 방법,390862.0,856.0,159.0,2017. 8. 18.,"['술자리', '리얼', '헌팅', '방법', '솔로']"
262,262,훈터뷰 권현빈x김기범,83872.0,2000.0,25.0,2017. 8. 4.,['김기범']
263,263,훈터뷰 그루비룸 X 원,442116.0,10000.0,138.0,2017. 7. 28.,['그루']
264,264,PC방 어택 류제홍과 준바가 PC방에서 그룹신청을 한다면 4 루나틱하이 류제홍 준바,1140901.0,7000.0,152.0,2017. 7. 25.,"['그룹', '하이', '신청', '어택', '제홍']"
265,265,수상한 택시 낯선 근육맨들과 택시에서 합승을 하게 된다면 With정용화CN BLUE ENG Sub,189945.0,2000.0,48.0,2017. 7. 22.,"['정용', '택시', '수상', '근육', '합승']"
266,266,리얼술자리털기 한잔TALK두근두근 남자의 고백에 여자들의 심리,142744.0,533.0,24.0,2017. 7. 20.,"['술자리', '고백', '리얼', '심리', '여자', '남자']"
267,267,릴레이보이스페셜 : 훈남들이 내 머리를 감겨준다면 With빅톤VICTON,925722.0,10000.0,134.0,2017. 7. 17.,"['보이', '머리', '스페셜', '릴레이']"
268,268,노래방어택 노래방에 갑자기 좋아하는 가수가 들어온다면 10 정용화,302607.0,2000.0,45.0,2017. 7. 17.,"['노래방', '어택', '정용', '가수']"
269,269,수고했어 오늘도 퓨처 와이프 찾은 자존감 대통령 헨리와의 역대급 설렘 데이트 24 헨리,4680332.0,70000.0,844.0,2017. 7. 9.,"['자존', '와이프', '수고', '대통령', '역대', '데이트']"
270,270,리얼술자리털기 한잔TALK너만 몰랐던 HOT한 알콜사용법feat막걸리,45004.0,214.0,11.0,2017. 7. 6.,"['술자리', '사용법', '리얼', '알콜', '막걸리']"
271,271,방박불가-최종화 여자친구가 미용실에서 머리를 망치고 왔다면,885498.0,5000.0,223.0,2017. 6. 30.,"['최종', '머리', '미용실', '불가', '친구', '여자']"
272,272,리얼술자리털기 한잔TALK술자리 필살게임feat예지,324802.0,1000.0,40.0,2017. 6. 29.,"['술자리', '리얼', '게임', '필살', '예지']"
273,273,수고했어 오늘도 “사람 많이 죽였겠네요” 그 말이 뼈저리게 아프지 625 참전 용사 이병기 할아버지 23 아이오아이 김소혜,2127579.0,50000.0,347.0,2017. 6. 26.,"['아이', '이병기', '사람', '아이오', '용사', '참전', '수고', '할아버지']"
274,274,수상한 카페 카페에서 옆 테이블 커플이 격렬하게 싸운다면  With정혁,848923.0,10000.0,303.0,2017. 6. 24.,"['수상', '커플', '카페', '테이블']"
275,275,리얼술자리털기 '한-잔TALK' 억지로 간 싫은 술자리 탈출하기 위한 방법,42577.0,291.0,5.0,2017. 6. 22.,"['탈출', '술자리', '리얼', '방법']"
276,276,방박불가 200일된 커플과 21년된 커플이 놀이공원데이트를 한다면,1071791.0,7000.0,282.0,2017. 6. 18.,"['공원', '놀이', '불가', '커플', '데이트']"
277,277,꽃인턴 iKON,31807.0,1000.0,8.0,2017. 6. 16.,['인턴']
278,278,수고했어 오늘도 안 바쁘면 데이트 하자 팬에게 데이트 신청한 스윗한 바비와 한강에서 치맥을 한다면 22 아이콘 바비,2491965.0,40000.0,464.0,2017. 6. 16.,"['아이', '하자', '수고', '신청', '데이트']"
279,279,우리가 하는 연애8 남자가 전여자친구를 만나게 되었을 때,1194410.0,8000.0,179.0,2017. 6. 16.,"['연애', '여자', '남자', '친구']"
280,280,릴레이보이 어색한 남자 둘이 서로에게 팩을 해준다면,87795.0,1000.0,6.0,2017. 6. 6.,"['릴레이', '어색', '보이', '서로', '남자']"
281,281,리얼술자리털기 '한-잔TALK' 술자리 여자를 심쿵하게하는 남자의 행동,248294.0,667.0,42.0,2017. 6. 1.,"['술자리', '리얼', '행동', '여자', '남자']"
282,282,방박불가 친한 누나의 남자 친구가 나쁜 남자라면,307217.0,2000.0,45.0,2017. 5. 30.,"['남자', '누나', '불가', '친구']"
283,283,수고했어 오늘도 좋아하는 연예인을 가족에게 소개해준다면 21 하이라이트 용준형,1373964.0,10000.0,245.0,2017. 5. 27.,"['가족', '준형', '하이라이트', '연예인', '수고', '소개']"
284,284,PC방 어택 경리가 여자친구처럼 PC방에서 갑자기 밀착해온다면 3 경리,2032083.0,10000.0,338.0,2017. 5. 19.,"['경리', '친구', '여자', '어택', '밀착']"
285,285,기습로이정식,48816.0,859.0,12.0,2017. 5. 19.,"['기습', '정식', '로이']"
286,286,리얼술자리털기 한잔TALK '한-잔TALK' 홍대/강남/이태원 19금 핫플레이스,176086.0,857.0,43.0,2017. 5. 18.,"['술자리', '리얼', '이태원', '강남', '플레이스']"
287,287,릴레이보이2 훈남 모델들과 삼청동에서 한복데이트를 한다면,327184.0,2000.0,53.0,2017. 5. 15.,"['릴레이', '모델', '한복', '보이', '데이트']"
288,288,수고했어 오늘도 좋아하는 연예인이 나 때문에 운다면 20 아이오아이 최유정,4258504.0,70000.0,872.0,2017. 5. 13.,"['아이', '유정', '연예인', '아이오', '수고']"
289,289,따밥 유승민 편,91397.0,1000.0,32.0,2017. 5. 5.,[]
290,290,따밥 심상정 편,273040.0,4000.0,120.0,2017. 5. 5.,['심상']
291,291,방박불가 운전할 때 여자친구가 계속 화나게 한다면,369638.0,2000.0,83.0,2017. 5. 3.,"['여자', '운전', '불가', '친구']"
292,292,수고했어 오늘도 '효리네 민박' 알바 열심히 해서 젊은 나이에 자수성가한 '호텔 델루나' 장만월 아이유 사장님의 인생역전 스토리 19 아이유,4118303.0,50000.0,950.0,2017. 4. 29.,"['인생', '아이', '스토리', '역전', '사장님', '민박', '자수성가', '만월', '수고', '호텔', '나이']"
293,293,썸남최종화 - 이렇게 끝나도 되는거,894648.0,20000.0,125.0,2017. 4. 27.,"['최종', '나도']"
294,294,리얼술자리털기 한잔TALK 남자는 모르는 여자들의 술자리 진짜 모습,127505.0,527.0,29.0,2017. 4. 27.,"['술자리', '모습', '리얼', '여자', '남자']"
295,295,썸남14화 - 오늘 밤 같이 자도 되는 거,1119056.0,10000.0,182.0,2017. 4. 26.,['오늘']
296,296,썸남특별편_뮤직비디오,220187.0,5000.0,24.0,2017. 4. 26.,"['뮤직비디오', '특별']"
297,297,PC방 어택 선미가 내 여자친구라면 2 선미,2796844.0,10000.0,541.0,2017. 4. 25.,"['미가', '선미', '친구', '여자', '어택']"
298,298,썸남13화 - 오늘밤 안겨도 되는 거,921745.0,8000.0,152.0,2017. 4. 25.,['오늘밤']
299,299,릴레이보이2 훈남 모델 4명과 찜질방데이트를 한다면,839630.0,5000.0,173.0,2017. 4. 25.,"['릴레이', '모델', '찜질', '보이', '데이트']"
300,300,썸남12화 - 셋이 한방에서 이래도 되는 거,606956.0,6000.0,81.0,2017. 4. 24.,"['한방', '이래']"
301,301,썸남11화 - 내 몸이 이렇게 뜨거워도 되는 거,685656.0,7000.0,99.0,2017. 4. 24.,[]
302,302,썸남10화 - 같이 밤새 있어도 되는 거,628286.0,7000.0,106.0,2017. 4. 23.,['밤새']
303,303,우리가 하는 연애 7 이별 후 남자와 여자의 속마음,2255436.0,10000.0,382.0,2017. 4. 22.,"['연애', '여자', '남자', '속마음']"
304,304,썸남9화 - 이렇게 격정적이어도 되는 거,760320.0,9000.0,99.0,2017. 4. 21.,['격정적']
305,305,썸남8화 - 남자끼리 로맨틱해도 되는 거,770341.0,10000.0,112.0,2017. 4. 19.,['남자']
306,306,썸남7화 - 이렇게 입 맞춰도 되는거,823749.0,10000.0,162.0,2017. 4. 17.,[]
307,307,PC방 어택 틴탑이 PC방에 갑자기 등장한다면 1 틴탑,527085.0,3000.0,47.0,2017. 4. 16.,"['어택', '등장']"
308,308,수고했어 오늘도 벚꽃을 보면 친구들이 생각난다는 세월호 생존 학생 장애진 양 18 원더걸스 선미,2862412.0,50000.0,649.0,2017. 4. 15.,"['세월', '장애', '선미', '벚꽃', '학생', '친구', '생존', '수고']"
309,309,우리가 하는 연애 6 헤어질 때 들으면 비참한 말,2106709.0,10000.0,392.0,2017. 4. 15.,"['연애', '비참']"
310,310,방박불가 내 남자친구가 모델이라면 박보성,101082.0,783.0,20.0,2017. 4. 14.,"['박보', '모델', '불가', '친구', '남자']"
311,311,썸남6화 - 남자끼리 포개져도 되는거,1149558.0,10000.0,195.0,2017. 4. 14.,['남자']
312,312,방박불가 내 남친이 모델이라면 방주호,134534.0,953.0,27.0,2017. 4. 14.,"['모델', '남친', '불가', '방주']"
313,313,리얼술자리털기 한잔TALK 내 남친의 술 약속,81851.0,330.0,13.0,2017. 4. 13.,"['약속', '술자리', '리얼', '남친']"
314,314,썸남5화 - 같이 흠뻑 젖어도 되는거,3512543.0,20000.0,945.0,2017. 4. 12.,[]
315,315,썸남4화 - 남자 둘이 같이 살아도 되는거,987292.0,10000.0,143.0,2017. 4. 10.,['남자']
316,316,우리가 하는 연애 5 남자의 마음이 식어가는 것을 느낄 때,2046703.0,10000.0,335.0,2017. 4. 8.,"['연애', '마음', '남자']"
317,317,썸남3화 - 남자끼리 불붙어도 되는거,3595277.0,10000.0,794.0,2017. 4. 7.,['남자']
318,318,릴레이보이2 훈남 모델들과 롯데월드 데이트를 한다면,660248.0,4000.0,158.0,2017. 4. 7.,"['모델', '보이', '데이트', '릴레이']"
319,319,썸남2화 - 가슴은 되는거,876932.0,10000.0,118.0,2017. 4. 5.,['가슴']
320,320,썸남1화 - 옆집 남자랑 썸타도 되는거,1650545.0,20000.0,303.0,2017. 4. 3.,"['옆집', '남자']"
321,321,썸남밥먹다 설렘사 - 최우식장기용 편,435910.0,8000.0,47.0,2017. 4. 3.,"['식장', '기용']"
322,322,방박불가남자친구가 갑자기 밤 늦게 찾아온다면,240728.0,1000.0,86.0,2017. 4. 2.,"['남자', '불가', '친구']"
323,323,우리가 하는 연애 4 너와 가는 첫 여행,2160592.0,8000.0,331.0,2017. 4. 1.,"['연애', '너와', '여행']"
324,324,썸남 딩고 무비 - 최우식 인터뷰,243656.0,5000.0,23.0,2017. 4. 1.,"['무비', '인터뷰']"
325,325,수고했어 오늘도 좋아하는 연예인과 패러글라이딩을 탄다면 17 씨엔블루 강민혁,417016.0,4000.0,53.0,2017. 4. 1.,"['글라이딩', '블루', '수고', '연예인']"
326,326,썸남 헬스 1분컷 - 친구끼리 근육 2배로 만드는 운동법,169571.0,3000.0,19.0,2017. 3. 31.,"['운동', '근육', '헬스', '친구']"
327,327,썸남 딩스패치 - 최우식장기용,139846.0,2000.0,21.0,2017. 3. 30.,"['식장', '기용']"
328,328,썸남 예고편,107268.0,1000.0,16.0,2017. 3. 29.,['예고편']
329,329,수고했어 오늘도 문재인 대통령의 애칭 '이니'를 만들어준 최초의 영상 16 문재인,5106530.0,70000.0,5000.0,2017. 3. 27.,"['최초', '재인', '영상', '수고', '대통령', '애칭']"
330,330,방박불가 내가 좋아하는 모델이 남자친구가 된다면,263953.0,1000.0,52.0,2017. 3. 27.,"['모델', '불가', '친구', '내가', '남자']"
331,331,우리가 하는 연애 3 너와 하는 첫 키스,2691733.0,10000.0,482.0,2017. 3. 25.,"['연애', '너와', '키스']"
332,332,릴레이보이2 좋아하는 모델들과 버스데이트를 한다면,289036.0,2000.0,51.0,2017. 3. 20.,"['릴레이', '모델', '버스', '보이', '데이트']"
333,333,우리가 하는 연애 2 내가 좋아하는 사람 VS 나를 좋아해주는 사람,1427393.0,9000.0,157.0,2017. 3. 19.,"['연애', '사람', '내가']"
334,334,리얼술자리털기 한잔TALK 술자리 남자를 설레게 하는 행동,470384.0,1000.0,75.0,2017. 3. 16.,"['술자리', '리얼', '남자', '행동']"
335,335,리얼술자리털기 한잔TALK 칵알못들을 위한 칵테일 추천,73169.0,622.0,21.0,2017. 3. 16.,"['술자리', '리얼', '추천', '칵테일']"
336,336,우리가 하는 연애 1 남자가 여자를 진짜 좋아할 때 하는 행동,3790213.0,20000.0,631.0,2017. 3. 13.,"['연애', '여자', '남자', '행동']"
337,337,방박불가 남자친구가 갑자기 우리집에 찾아온다면,212172.0,1000.0,239.0,2017. 3. 10.,"['우리집', '남자', '불가', '친구']"
338,338,방박불가 여자친구가 술에 취한다면,522698.0,2000.0,191.0,2017. 3. 7.,"['여자', '불가', '친구']"
339,339,꽃인턴의 럭키박스 여친룩,67580.0,690.0,21.0,2017. 3. 4.,"['박스', '인턴']"
340,340,수고했어 오늘도 좋아하는 연예인과 동갑내기 친구가 된다면 15 구구단 김세정,4070294.0,40000.0,770.0,2017. 3. 4.,"['구구단', '세정', '동갑내기', '연예인', '친구', '수고']"
341,341,꽃인턴의 럭키박스 꽃길 이용권,35552.0,540.0,7.0,2017. 2. 25.,"['박스', '이용권', '인턴']"
342,342,쇼핑메이트 188cm 여심 저격 모델이 내 스타일을 변신시켜 준다면,174127.0,1000.0,39.0,2017. 2. 23.,"['모델', '쇼핑', '변신', '저격', '메이트', '스타일', '여심']"
343,343,방박불가 여자친구가 내 친구에게 첫눈에 반한다면,1016441.0,6000.0,287.0,2017. 2. 21.,"['여자', '첫눈', '불가', '친구']"
344,344,수고했어 오늘도 좋아하는 연예인이 내 방에 온다면 14 인피니트 남우현,2102383.0,20000.0,396.0,2017. 2. 18.,"['남우', '니트', '수고', '연예인']"
345,345,그루비룸의_LIKE,47700.0,757.0,6.0,2017. 2. 16.,[]
346,346,릴레이보이2 훈남모델 4명이 주말 데이트 메이크업을 해준다면,581680.0,4000.0,87.0,2017. 2. 14.,"['릴레이', '모델', '보이', '데이트', '메이크업', '주말']"
347,347,꽃인턴의 럭키박스 사랑스러운 여자향수 BEST 5,59951.0,807.0,10.0,2017. 2. 11.,"['박스', '향수', '인턴', '여자', '사랑']"
348,348,쇼핑메이트 잔망스러운 블락비 박경과 잠옷 쇼핑을 한다면,46126.0,912.0,8.0,2017. 2. 10.,"['경과', '쇼핑', '잔망', '메이트', '잠옷']"
349,349,방박불가 여자친구가 친구들 앞에서 방귀를 뀐다면,234470.0,1000.0,35.0,2017. 2. 7.,"['여자', '방귀', '불가', '친구']"
350,350,릴레이보이2 팬이었던 모델과 드라이브를 한다면 - 릴레이데이트 2화,622683.0,6000.0,74.0,2017. 1. 31.,"['드라이브', '릴레이', '모델', '보이', '데이트']"
351,351,꽃인턴의 럭키박스다이어트 10,33757.0,459.0,8.0,2017. 1. 28.,"['다이어트', '박스', '인턴']"
352,352,수고했어 오늘도 윤두준과 스케이트장 데이트를 한다면 13 하이라이트 윤두준,1164218.0,10000.0,147.0,2017. 1. 27.,"['스케이트', '하이라이트', '데이트', '수고']"
353,353,릴레이보이2 팬이었던 모델이 학교앞에서 나를 기다린다면,1750812.0,10000.0,312.0,2017. 1. 24.,"['모델', '학교', '보이', '릴레이']"
354,354,꽃인턴의 럭키박스데이트 코스 쏜다,21688.0,234.0,3.0,2017. 1. 20.,"['박스', '데이트', '코스', '인턴']"
355,355,영어 마비 극복의 길,6488.0,70.0,12.0,2017. 1. 16.,"['극복', '마비', '영어']"
356,356,방박불가 여자친구가 음치 몸치라면,307292.0,2000.0,48.0,2017. 1. 13.,"['여자', '음치', '불가', '친구']"
357,357,꽃인턴의 럭키박스새해선물_ 뷰티박스,22632.0,427.0,3.0,2017. 1. 13.,"['새해', '선물', '박스', '인턴', '뷰티']"
358,358,스타일티처 걸크러시 아름티처,19134.0,156.0,20.0,2017. 1. 11.,['스타일']
359,359,쇼핑메이트 어린 왕자 같은 훈남 모델이 크리스마스 아이템을 골라준다면,134156.0,1000.0,15.0,2017. 1. 10.,"['모델', '쇼핑', '크리스마스', '메이트', '왕자', '아이템']"
360,360,릴레이보이2 훈훈한 남자4명과 김장을 한다면,187560.0,1000.0,30.0,2017. 1. 9.,"['김장', '보이', '남자', '릴레이']"
361,361,방박불가 낯선여자가 여자친구라며 최악의 도시락을 선물한다면,210768.0,1000.0,24.0,2017. 1. 3.,"['선물', '도시락', '최악', '불가', '여자', '구라']"
362,362,릴레이보이2 훈훈한 남자 4명과 크리스마스파티를 한다면,171905.0,1000.0,28.0,2016. 12. 24.,"['릴레이', '크리스마스', '보이', '파티', '남자']"
363,363,스타일티처개잘또 혁쌤,17228.0,195.0,13.0,2016. 12. 23.,['스타일']
364,364,릴레이보이의 크리스마스 메세지,21063.0,266.0,13.0,2016. 12. 22.,"['메세지', '크리스마스', '보이', '릴레이']"
365,365,방박불가 낯선 여자가 친구라며 갑자기 친한 척을 한다면-여자들의 여우짓,584843.0,4000.0,96.0,2016. 12. 16.,"['여자', '여우', '구라', '불가']"
366,366,방박불가 포스터 촬영현장,29381.0,356.0,2.0,2016. 12. 15.,"['포스터', '현장', '촬영', '불가']"
367,367,노래방어택 노래방에 나의 롤모델인 가수가 들어온다면 9 김윤아,513150.0,1000.0,91.0,2016. 12. 10.,"['가수', '모델', '나의', '노래방', '어택']"
368,368,릴레이보이2 훈남들이 여자에게 세수를 시켜준다면,414167.0,2000.0,56.0,2016. 12. 9.,"['여자', '보이', '릴레이', '세수']"
369,369,릴레이보이 여동예고편,35335.0,345.0,9.0,2016. 12. 8.,"['예고편', '보이', '릴레이']"
370,370,릴레이보이2 마지막 멤버 공개,56084.0,460.0,16.0,2016. 12. 8.,"['릴레이', '멤버', '공개', '보이', '마지막']"
371,371,릴레이보이2 세번째 멤버 공개,64697.0,434.0,11.0,2016. 12. 7.,"['공개', '보이', '릴레이', '멤버']"
372,372,릴레이보이2 두번째 멤버 공개,71537.0,625.0,10.0,2016. 12. 6.,"['공개', '보이', '릴레이', '멤버']"
373,373,취중토크 릴레이보이1기 편,191502.0,1000.0,13.0,2016. 12. 5.,"['취중', '보이', '릴레이', '토크']"
374,374,릴레이보이2 첫번째 멤버 공개,81225.0,697.0,17.0,2016. 12. 5.,"['공개', '보이', '릴레이', '멤버']"
375,375,방박불가 낯선여자가 여자친구라며 갑자기 화를 낸다면,403626.0,2000.0,50.0,2016. 12. 2.,"['여자', '구라', '불가']"
376,376,노래방어택 좋아하는 아이돌이 노래방을 습격했다 8 B1A4,786539.0,6000.0,113.0,2016. 12. 1.,"['습격', '아이', '돌이', '노래방', '어택']"
377,377,노래방어택 노래방에 나의 롤모델인 가수가 들어온다면 7 지코,1026713.0,8000.0,172.0,2016. 11. 26.,"['가수', '모델', '나의', '노래방', '어택']"
378,378,방박불가 예고 몰래카메라,1278521.0,10000.0,247.0,2016. 11. 25.,"['예고', '카메라', '불가']"
379,379,방박불가 케미테스트,94976.0,745.0,6.0,2016. 11. 25.,"['테스트', '불가']"
380,380,수고했어 오늘도 수능 스트레스 쌓인 고3 팬과 오락실 데이트 12 B1A4 진영,1195002.0,10000.0,134.0,2016. 11. 25.,"['오락실', '수능', '스트레스', '진영', '수고', '데이트']"
381,381,쇼핑메이트 장난기 가득한 남자 모델이 나를 완벽히 변신 시켜준다면 07 정혁,98979.0,1000.0,11.0,2016. 11. 25.,"['모델', '쇼핑', '변신', '메이트', '장난기', '남자']"
382,382,노래방어택 노래방에 갑자기 좋아하는 가수가 들어온다면 6 규현,679244.0,4000.0,97.0,2016. 11. 19.,"['노래방', '어택', '가수']"
383,383,릴레이보이 마지막 인터뷰,70765.0,967.0,13.0,2016. 11. 14.,"['마지막', '보이', '릴레이', '인터뷰']"
384,384,릴레이보이 훈남들이 여자에게 밥을 먹여준다면,373517.0,2000.0,45.0,2016. 11. 12.,"['여자', '보이', '릴레이']"
385,385,수고했어 오늘도 존경하는 배우의 연기를 눈 앞에서 본다면 11 유지태,914991.0,9000.0,128.0,2016. 11. 11.,"['연기', '배우', '수고', '존경', '유지']"
386,386,미용실어택 연예인이 나의 소원을 들어준다면-박재범편,107837.0,809.0,14.0,2016. 11. 11.,"['박재', '미용실', '연예인', '소원', '어택']"
387,387,추억팔이 시대별 사복 변천사,700987.0,4000.0,127.0,2016. 11. 10.,"['변천사', '사복', '추억', '대별']"
388,388,쇼핑메이트 눈에서 꿀 떨어지는 훈남모델과 쇼핑데이트를 한다면 06 변우석,228644.0,1000.0,23.0,2016. 11. 10.,"['모델', '메이트', '데이트', '쇼핑']"
389,389,릴레이보이 훈남모델이 GD메이크업을 받는다면,2019727.0,20000.0,541.0,2016. 10. 29.,"['모델', '보이', '메이크업', '릴레이']"
390,390,수고했어 오늘도 고생한 팬 어부바 해주는 강식당 직원 피오의 역대급 인생 영상 10 블락비 피오,2770935.0,50000.0,355.0,2016. 10. 29.,"['인생', '식당', '고생', '직원', '영상', '수고', '오의', '역대', '어부']"
391,391,에브리서울패션위크 2016 ESFW,7602.0,56.0,2.0,2016. 10. 26.,"['패션', '위크']"
392,392,훈남저격5 서울 패션 페스티벌,113480.0,407.0,23.0,2016. 10. 24.,"['서울', '패션', '페스티벌', '저격']"
393,393,훈남저격4 경희대,426754.0,2000.0,105.0,2016. 10. 21.,"['저격', '경희대']"
394,394,릴레이보이 훈남 모델들이 팬과 소개팅을 한다면 2번째,192969.0,1000.0,13.0,2016. 10. 15.,"['모델', '보이', '소개팅', '릴레이']"
395,395,수고했어 오늘도 좋아하는 연예인이 우는 나를 달래준다면 9 샤이니 종현,6412919.0,130000.0,862.0,2016. 10. 14.,"['수고', '연예인']"
396,396,릴레이보이 남자들이 여자1명과 아바타소개팅을 한다면,404388.0,2000.0,51.0,2016. 10. 10.,"['릴레이', '소개팅', '보이', '여자', '남자']"
397,397,미용실어택 좋아하는 연예인이 머리를 감겨준다면-닉쿤편,687668.0,1000.0,145.0,2016. 10. 10.,"['어택', '머리', '미용실', '연예인']"
398,398,쇼핑메이트 옥택연이 나의 옷을 골라준다면 05 옥택연,338668.0,1000.0,29.0,2016. 10. 7.,"['메이트', '쇼핑', '나의']"
399,399,릴레이보이스페셜 : 남자들이 여자에게 소개팅메이크업을 해준다면 WithSF9,1142576.0,10000.0,144.0,2016. 10. 1.,"['스페셜', '릴레이', '소개팅', '메이크업', '보이', '여자', '남자']"
400,400,수고했어 오늘도 좋아하는 연예인과 차 안 데이트를 한다면 8 다비치 강민경,1279831.0,6000.0,137.0,2016. 9. 30.,"['연예인', '다비', '수고', '데이트', '민경']"
401,401,쇼핑메이트 츤데레 모델이 나의 쇼핑을 도와준다면04 김기범,250238.0,1000.0,19.0,2016. 9. 30.,"['김기범', '모델', '쇼핑', '나의', '메이트']"
402,402,럭키박스 꽃인턴 스트릿 브랜드 털러감,15767.0,143.0,2.0,2016. 9. 26.,"['인턴', '브랜드', '박스']"
403,403,스타일101 여자들이 좋아하는 남친룩,154554.0,2000.0,24.0,2016. 9. 20.,"['여자', '스타일', '남친']"
404,404,쇼핑메이트소년미 낭낭한 모델과 운동화 쇼핑을 한다면 03 안승준,83283.0,726.0,5.0,2016. 9. 18.,"['모델', '쇼핑', '운동화', '소년', '메이트']"
405,405,릴레이보이 남자들이 여자에게 패디큐어를 해준다면,285066.0,1000.0,39.0,2016. 9. 16.,"['여자', '보이', '남자', '릴레이']"
406,406,노래방어택 노래방에 갑자기 좋아하는 가수가 들어온다면 5 임창정,1264857.0,3000.0,136.0,2016. 9. 13.,"['노래방', '어택', '창정', '가수']"
407,407,수고했어 오늘도 기생충 기우와 같이 버스 데이트를 한다면 7 최우식,1046482.0,7000.0,77.0,2016. 9. 12.,"['기우', '버스', '수고', '기생충', '데이트']"
408,408,릴레이보이 훈남 모델들이 여자의 머리를 감겨준다면,551578.0,2000.0,58.0,2016. 9. 9.,"['머리', '릴레이', '모델', '보이', '여자']"
409,409,쇼핑메이트 잘생긴 남자모델이 나의 쇼핑을 도와준다면02 장성훈,144952.0,841.0,12.0,2016. 9. 9.,"['모델', '장성', '쇼핑', '나의', '메이트', '남자']"
410,410,쇼핑메이트 남친미 냥냥한 훈남 모델과 쇼핑을 한다면 01 강희,179764.0,823.0,16.0,2016. 8. 29.,"['모델', '메이트', '남친', '쇼핑']"
411,411,릴레이보이 훈남모델 4명이 여자1명과 귀신의집을 간다면,604690.0,3000.0,108.0,2016. 8. 26.,"['릴레이', '모델', '보이', '귀신', '여자']"
412,412,수고했어 오늘도 좋아하는 연예인과 밥을 먹는다면 6 원더걸스 유빈,1729453.0,9000.0,210.0,2016. 8. 19.,"['수고', '연예인']"
413,413,릴레이보이 훈남4명이 여자1명과 요리를 한다면,258259.0,1000.0,26.0,2016. 8. 12.,"['여자', '요리', '보이', '릴레이']"
414,414,훈남저격3 성균관대,234877.0,569.0,73.0,2016. 8. 11.,"['성균관', '저격']"
415,415,수고했어 오늘도 현아가 나의 알바를 도와준다면 5 현아,1856917.0,10000.0,205.0,2016. 8. 5.,"['알바', '아가', '수고', '나의']"
416,416,릴레이보이 남자 모델들이 커플요가를 한다면,89609.0,598.0,7.0,2016. 7. 27.,"['릴레이', '모델', '요가', '보이', '커플', '남자']"
417,417,나는 주인공이다 7화 카페에서 폭탄제거하는 난 뭐야,10924.0,65.0,2.0,2016. 7. 25.,"['폭탄', '주인공', '제거', '카페']"
418,418,나는 주인공이다 8화 클럽 섹시녀 나 주인공이야 뭐야,548854.0,766.0,104.0,2016. 7. 25.,"['클럽', '주인공', '섹시']"
419,419,오늘의 패피 3,6379.0,29.0,0.0,2016. 7. 22.,['오늘']
420,420,수고했어 오늘도 동백꽃 용식이가 고기를 구워 먹여준다면 4 강하늘,984657.0,6000.0,78.0,2016. 7. 22.,"['동백꽃', '용식이', '고기', '수고', '하늘']"
421,421,릴레이보이남자들이 여자에게 네일아트를 해준다면,175209.0,745.0,12.0,2016. 7. 13.,"['릴레이', '보이', '여자', '남자', '아트']"
422,422,나는 주인공이다 6화 갑자기 차에 치인 무언가 길거리 헌팅이야 뭐야,10840.0,76.0,2.0,2016. 7. 7.,"['무언가', '길거리', '주인공', '헌팅']"
423,423,나는 주인공이다 5화 섹시 청순 둘 다 내꺼 어장관리야 뭐야,14497.0,82.0,2.0,2016. 7. 7.,"['어장', '주인공', '섹시', '관리']"
424,424,나는 주인공이다 4화 인공호흡하려고 사심이야 뭐야,41788.0,143.0,12.0,2016. 7. 7.,"['주인공', '사심', '인공', '호흡']"
425,425,나는 주인공이다 3화 버스에서 이러면 그린라이트야 뭐야,398827.0,749.0,143.0,2016. 7. 6.,"['그린', '주인공', '버스', '라이트']"
426,426,취향존중TV8모델들의 퇴근 후,30952.0,125.0,0.0,2016. 7. 6.,"['모델', '취향', '존중', '퇴근']"
427,427,나는 주인공이다  2화 좀비 곡성이야 워킹데드야 뭐야,13291.0,89.0,5.0,2016. 7. 6.,"['곡성', '워킹', '주인공', '데드']"
428,428,나는 주인공이다  1화 여친 앞에서 오줌지린 난 뭐야,42302.0,201.0,18.0,2016. 7. 6.,"['주인공', '오줌']"
429,429,NOMA style 7 그 남자의 방,2324.0,13.0,1.0,2016. 7. 5.,['남자']
430,430,릴레이보이 남자들이 여자에게 클렌징을 해준다면,508075.0,2000.0,36.0,2016. 7. 2.,"['릴레이', '클렌징', '보이', '여자', '남자']"
431,431,취향존중TV 7,14790.0,67.0,1.0,2016. 7. 1.,"['취향', '존중']"
432,432,취향존중TV 6 다이어트는 내일부터,10756.0,49.0,1.0,2016. 6. 30.,"['취향', '다이어트', '존중', '내일']"
433,433,취향존중TV5 버내너,16962.0,57.0,2.0,2016. 6. 28.,"['취향', '존중']"
434,434,취향존중TV 4,21085.0,102.0,7.0,2016. 6. 23.,"['취향', '존중']"
435,435,취향존중TV 3 뷰티풀,5757.0,41.0,1.0,2016. 6. 21.,"['뷰티', '취향', '존중']"
436,436,릴레이보이 남자들이 여자에게 메이크업을 해준다면,791553.0,4000.0,105.0,2016. 6. 21.,"['릴레이', '메이크업', '보이', '여자', '남자']"
437,437,NOMA style6 퇴근 후,1479.0,6.0,1.0,2016. 6. 20.,['퇴근']
438,438,취향존중TV 2,6541.0,36.0,5.0,2016. 6. 19.,"['취향', '존중']"
439,439,취향존중TV 1 셀카바보,5482.0,31.0,1.0,2016. 6. 17.,"['취향', '카바', '존중']"
440,440,NOMA style5 남자모델의 흔한 먹방,4083.0,5.0,1.0,2016. 6. 15.,"['모델', '남자']"
441,441,NOMA style4 타투,6361.0,19.0,1.0,2016. 6. 11.,[]
442,442,훈남저격 2 국민대 편,287675.0,727.0,56.0,2016. 6. 11.,"['국민', '저격']"
443,443,NOMA style3 쇼 리허설,610.0,4.0,0.0,2016. 6. 7.,['리허설']
444,444,NOMA style 1 백스테이지,957.0,5.0,0.0,2016. 6. 2.,['스테이지']
445,445,NOMA style: cover edition모델 노마한의 타투 이야기,3547.0,22.0,0.0,2016. 5. 23.,"['모델', '한의', '이야기', '노마']"
446,446,훈남저격 1한국외대편,567888.0,2000.0,136.0,2016. 5. 22.,"['외대', '한국', '저격']"
447,447,스타일101 실제 여자들이 더 좋아하는 룩,1771655.0,6000.0,242.0,2016. 5. 16.,"['여자', '스타일', '실제']"
448,448,스타일101 실제 연하남이 더 좋아하는 룩,1880399.0,7000.0,434.0,2016. 5. 16.,"['연하', '스타일', '실제']"
449,449,추억팔이 시대별 교복 변화  Korean high school uniform evolution,1828335.0,8000.0,288.0,2016. 5. 13.,"['변화', '추억', '교복', '대별']"
450,450,추억팔이 1분만에 보는 아이돌 팬클럽 변천사Kpop Fanclub History HOT GOD 동방신기 EXO,186143.0,1000.0,205.0,2016. 5. 9.,"['변천사', '아이', '분만', '클럽', '추억', '동방']"
451,451,스타일101 취향저격 스쿨룩의 정석 l School Looks 2016,737658.0,3000.0,90.0,2016. 5. 8.,"['스타일', '정석', '저격', '취향']"
452,452,수고했어 오늘도 당황 주의 에릭남을 친구로 착각한 주인공 집에 데려다 준다니까 납치인 줄 알고 도망감ㅋㅋㅋㅋ 에릭남이 나를 데리러 온다면 2 에릭남,1704988.0,10000.0,193.0,2016. 5. 4.,"['착각', '주의', '친구', '당황', '수고', '주인공']"
453,453,남자의 인생템 미니쿠퍼 컨버터블 - 남자가 미니타면 별론가요 l Mini Cooper Convertible,62921.0,111.0,12.0,2016. 5. 2.,"['인생', '가요', '컨버터블', '미니', '남자']"
454,454,남자의 인생템 미니쿠퍼 컨버터블 일반인 리얼 시승기 l Mini Cooper Convertible Trial,61693.0,116.0,7.0,2016. 4. 27.,"['인생', '리얼', '컨버터블', '일반인', '미니', '남자', '승기']"
455,455,수고했어 오늘도  편의점에 갑자기 연예인이 나타난다면 1 하하,3825348.0,20000.0,536.0,2016. 4. 24.,"['편의점', '수고', '연예인']"
456,456,SFW 2016 S/S 스티브요니 세로패션쇼,3462.0,22.0,0.0,2016. 4. 22.,"['패션쇼', '세로']"
457,457,SFW 남자들이 환장한다는 눈웃음을 가진 모델 송해나 포토타임,9006.0,40.0,2.0,2016. 4. 22.,"['눈웃음', '모델', '환장', '포토', '남자', '타임']"
458,458,SFW 참스CHARMS 패션쇼 2016 S/S,2752.0,23.0,0.0,2016. 4. 22.,['패션쇼']
459,459,SFW 대세모델 정호연의 화끈한 팬서비스 포토타임,12588.0,116.0,0.0,2016. 4. 22.,"['정호', '대세', '모델', '포토', '연의', '서비스', '타임']"
460,460,취향저격 변우석X지이수 두사람의 이상형은,51093.0,325.0,8.0,2016. 4. 21.,"['이수', '사람', '저격', '취향', '이상형']"
461,461,취향저격 김기범X여연희 연애에 관한 11가지 질문,18579.0,79.0,1.0,2016. 4. 21.,"['김기범', '질문', '연희', '저격', '연애', '취향']"
462,462,SFW X style101 2016 S/S 서울패션위크 스트릿룩,1294.0,10.0,0.0,2016. 4. 21.,"['서울', '패션', '위크']"
463,463,취향저격 신용국X배윤영 둘의 음식 케미는,2118.0,16.0,1.0,2016. 4. 21.,"['신용', '취향', '저격', '음식']"
464,464,SFW 포토타임 수줍은데 할건 다 해주는 남친느낌의 모델 방태은,18645.0,115.0,1.0,2016. 4. 21.,"['모델', '포토', '느낌', '타임']"
465,465,SFW 작정하고 제대로 팬서비스 중인 모델 조민호,5623.0,41.0,0.0,2016. 4. 20.,"['조민', '작정', '모델', '중인', '서비스']"
466,466,SFW 세로패션쇼 JKOO,1298.0,8.0,0.0,2016. 4. 20.,"['패션쇼', '세로']"
467,467,SFW 셀카 백장 찍어서 한 장 건진 비쥬얼쩌는 모델 이철우 주우재,8283.0,57.0,1.0,2016. 4. 20.,"['모델', '비쥬얼', '주우', '백장']"
468,468,취향저격 장기용X이진이 첫만남부터 썸인가요,47368.0,313.0,14.0,2016. 4. 20.,"['만남', '장기', '저격', '이진', '취향']"
469,469,SFW 안승준의 팬서비스 쩌는 포토타임,7706.0,48.0,1.0,2016. 4. 20.,"['포토', '준의', '타임', '서비스']"
470,470,스무살의 요리 셰프 김소희의 오뎅핫도그 만들기,9754.0,84.0,6.0,2016. 4. 20.,"['요리', '살의', '핫도그', '소희', '오뎅']"
471,471,SFW 이번 패션위크에서 역대급 사고낸 한상혁 디자이너ㅋㅋ,85257.0,240.0,10.0,2016. 4. 20.,"['사고', '이번', '한상혁', '위크', '패션', '디자이너', '역대']"
472,472,SFW 포스 쩌는 장윤주의 모델워킹 최신판,1364845.0,4000.0,123.0,2016. 4. 19.,"['포스', '모델', '주의', '워킹', '최신']"
473,473,SFW 문수권MUNSOO KWON 패션쇼_남자모델들이 떼로 몰려온다,1951.0,15.0,0.0,2016. 4. 19.,"['문수', '모델', '패션쇼', '남자']"
474,474,취향저격 박형섭X이호정 솔직남녀 사심 인터뷰,5126.0,27.0,0.0,2016. 4. 19.,"['호정', '인터뷰', '남녀', '저격', '취향']"
475,475,SFW 왠지 친근돋는 디자이너들의 피날레인사,1811.0,10.0,1.0,2016. 4. 19.,"['디자이너', '인사', '피날레']"
476,476,구라래쇼 6화 - 고Jㅏ새끼,85512.0,442.0,25.0,2016. 4. 11.,"['새끼', '구라']"
477,477,구라래쇼 4화 - 기모찌 일본어,58189.0,302.0,5.0,2016. 4. 11.,"['일본어', '기모', '구라']"
478,478,구라래쇼 5화 - 구라시키 사이코,58757.0,370.0,6.0,2016. 4. 11.,['구라']
479,479,남자의 인생템 - 한때 명품 시계 차던 허세왕 이상민의 현재,138802.0,289.0,16.0,2016. 3. 31.,"['인생', '시계', '허세', '민의', '명품', '이상', '한때', '남자']"
480,480,남자의 인생템 4화 - 요즘 남성들 사이에서 유행하는 시계는,1183052.0,2000.0,386.0,2016. 3. 31.,"['인생', '유행', '시계', '요즘', '남성', '사이', '남자']"
481,481,패션필름 2016 S/S 로우클래식 Style Film,3856.0,26.0,0.0,2016. 3. 30.,"['필름', '클래식', '패션']"
482,482,스타일101 실제 남자들이 말하는  남자들 환장하는 여친룩 모음,4633964.0,10000.0,5000.0,2016. 3. 30.,"['모음', '남자', '스타일', '환장', '실제']"
483,483,블랙인더트랩 남주혁의 올블랙 스타일링,438143.0,2000.0,37.0,2016. 3. 30.,"['블랙', '트랩', '스타일링']"
484,484,구라래쇼 3화 - AV배우와 그라비아 모델의 차이점,144412.0,313.0,11.0,2016. 3. 28.,"['모델', '배우', '차이점', '비아', '구라']"
485,485,남자의 인생템 3화 - 이상민 드디어 롤스로이스 계약서에 사인하다 l ROLLS ROYCE Review,1360986.0,1000.0,296.0,2016. 3. 23.,"['인생', '로이스', '계약서', '사인', '이상', '남자']"
486,486,구라래쇼 2화 - 욕으로 들리는 일본어,113833.0,841.0,22.0,2016. 3. 21.,"['일본어', '구라']"
487,487,남자의 인생템 예고1 - 롤스로이스 안 사고 롤스로이스 있는 척 하는 꿀팁 대공개,5741.0,12.0,0.0,2016. 3. 16.,"['인생', '사고', '로이스', '공개', '예고', '남자']"
488,488,남자의 인생템 예고2 - 롤스로이스 30대를 구매한 재벌은 누구,3773.0,5.0,1.0,2016. 3. 16.,"['인생', '구매', '로이스', '재벌', '예고', '남자']"
489,489,남자의 인생템 2화 - 롤스로이스 안에 숨겨진 1mmROLLS ROYCE Ghost,534324.0,893.0,75.0,2016. 3. 16.,"['인생', '로이스', '남자']"
490,490,구라래쇼 1-2화 알아두면 넘나 좋은 실전 일본어,256304.0,2000.0,115.0,2016. 3. 15.,"['일본어', '구라', '실전']"
491,491,구라래쇼 일본에서 형제는 브라자다 - 1-2화 short ver,5939.0,17.0,0.0,2016. 3. 15.,"['일본', '형제', '구라', '브라자']"
492,492,구라래쇼 일본에서 조심히 말해야 할 단어 - 1-2화 short ver,11380.0,32.0,1.0,2016. 3. 15.,"['일본', '조심', '구라', '단어']"
493,493,구라래쇼 걸그룹 일본어로 말하기 - 1-2화 short ver,8860.0,29.0,0.0,2016. 3. 15.,"['일본어', '그룹', '구라', '말하기']"
494,494,구라래쇼 1-1화 - 29금 박나래를 당황시킨 오늘 배울 일본어는,148150.0,758.0,24.0,2016. 3. 15.,"['나래', '일본어', '오늘', '당황', '구라']"
495,495,구라래쇼 자지가 뭐에요 몰카 - 1-1화 short ver,140784.0,598.0,61.0,2016. 3. 14.,"['자지', '구라']"
496,496,구라래쇼 일본여행 갔을 때 쇼핑꿀팁 - 1-1화 short ver,35103.0,174.0,3.0,2016. 3. 14.,"['일본', '쇼핑', '구라', '여행']"
497,497,노래방어택 노래방에 갑자기 좋아하는 가수가 들어온다면 4 거미,1190397.0,2000.0,128.0,2016. 3. 12.,"['노래방', '거미', '어택', '가수']"
498,498,남자의 인생템 화이트데이 남자들이 챙겨야 할 사탕보다 중요한 이 것,4409.0,7.0,1.0,2016. 3. 12.,"['인생', '중요', '화이트', '사탕', '데이', '남자']"
499,499,남자의 인생템 예고3 - 그녀는 예뻤다 속 똘기자 최시원의 실제 모델은 누구,4326.0,7.0,1.0,2016. 3. 9.,"['인생', '똘기', '모델', '원의', '예고', '남자', '실제']"
500,500,남자의 인생템 1화 - 오빠 차 뽑았다♬ 그 당시 오빠들의 드림카는,232295.0,406.0,35.0,2016. 3. 9.,"['인생', '드림', '오빠', '당시', '남자']"
501,501,남자의 인생템 예고1 - 길을 가다 옷에 커피를 흘렸을 때 꿀팁,11927.0,13.0,2.0,2016. 3. 9.,"['인생', '예고', '커피', '남자']"
502,502,남자의 인생템 예고2 - 20세기 부자 이상민은 어떻게 21세기 빚쟁이가 되었나,12234.0,13.0,1.0,2016. 3. 9.,"['인생', '세기', '빚쟁이', '부자', '이상', '예고', '남자']"
503,503,PFW 파리 패션위크를 준비하는 아아린 옷장과 숙소 공개,9761.0,45.0,2.0,2016. 3. 8.,"['파리', '아린', '옷장', '공개', '준비', '위크', '숙소', '패션']"
504,504,스타일101 항공점퍼 뽕뽑는 5가지 스타일링 소개,346813.0,952.0,205.0,2016. 3. 8.,"['항공', '스타일링', '소개', '스타일', '점퍼']"
505,505,PFW 프랑스인들아 신인모델 '홍지수'를 부르는 방법 ㅋㅋ,33078.0,112.0,28.0,2016. 3. 8.,"['모델', '프랑스인', '지수', '신인', '방법']"
506,506,PFW 발망쇼 경호원 철통보안도 뚫은 아이린의 딩고캠,18222.0,60.0,2.0,2016. 3. 8.,"['철통', '경호원', '보안']"
507,507,PFW 파리패션위크는 딩고스튜디오에서_모델 홍지수,1793.0,7.0,1.0,2016. 3. 8.,"['파리', '모델', '위크', '스튜디오', '지수', '패션']"
508,508,PFW 파리패션위크에서 무려 16개의 초대장을 받은 아이린 초대장 직접 공개,33966.0,181.0,3.0,2016. 3. 8.,"['직접', '초대장', '파리', '공개', '위크', '패션']"
509,509,PFW 프랑스에서도 잘나가는 셀럽 아이린의 일터 환경,10173.0,25.0,1.0,2016. 3. 8.,"['일터', '프랑스', '환경']"
510,510,여행DJ 내생애 한번쯤 프랑스,1545.0,10.0,0.0,2016. 3. 6.,"['한번쯤', '생애', '프랑스', '여행']"
511,511,패션필름 2016 S/S JKOO Style Film,3518.0,12.0,2.0,2016. 3. 6.,"['필름', '패션']"
512,512,뷰티101 걸그룹 같은 알록달록 레인보우 헤어 만들기,2168.0,18.0,0.0,2016. 2. 22.,"['그룹', '뷰티', '보우', '레인']"
513,513,스타일101 다이어트 파이터 - 누가 더 날씬해 보이는가 diet fighter,201830.0,461.0,45.0,2016. 2. 17.,"['스타일', '다이어트', '파이터']"
514,514,뷰티101 러블리 하트헤어,3190.0,69.0,0.0,2016. 2. 16.,"['헤어', '뷰티', '하트']"
515,515,노래방어택  노래방에 갑자기 좋아하는 가수가 들어온다면 3 이수,2302910.0,6000.0,311.0,2016. 2. 13.,"['노래방', '어택', '이수', '가수']"
516,516,노래방어택 노래방에 갑자기 좋아하는 가수가 들어온다면 2 백지영,1449744.0,4000.0,194.0,2016. 2. 5.,"['노래방', '어택', '가수', '백지']"
517,517,스타일101 수트는 항상 옳다 올겨울에도 내 남친 몸에 수트 박제,78125.0,206.0,9.0,2016. 1. 29.,"['남친', '박제', '올겨울', '수트', '스타일']"
518,518,뷰티인사이드 이번에 같이 캠핑 데이트한 남친은 with 변우석 5,113708.0,485.0,14.0,2016. 1. 13.,"['캠핑', '인사이드', '남친', '이번', '뷰티', '데이트']"
519,519,뷰티인사이드 커플운동 할때는 이렇게 메이크업하자 with 강희 3,39821.0,129.0,6.0,2016. 1. 10.,"['인사이드', '뷰티', '운동', '커플', '메이크업']"
520,520,뷰티인사이드 여자들이 “메이크업 안했다”고 하는 말의 진짜 의미 4,7155.0,39.0,1.0,2016. 1. 10.,"['인사이드', '진짜', '의미', '뷰티', '여자', '메이크업']"
521,521,스타일101 남친룩의 정석 장갑편,58875.0,49.0,14.0,2016. 1. 10.,"['스타일', '장갑', '정석']"
522,522,스타일101 양면으로 입는 리버서블 아우터 스타일링,37407.0,29.0,3.0,2016. 1. 10.,"['스타일', '아우터', '스타일링', '양면']"
523,523,헬로프롬뉴욕 목에다 하는 초커가 허리에도 맞는 최소라,1631105.0,4000.0,1000.0,2015. 12. 29.,"['소라', '로프', '허리']"
524,524,자막 EP08–이게 엔딩일 리가 없잖아 - 대세는 백합Lily Fever,1140069.0,7000.0,176.0,2015. 12. 23.,"['자막', '엔딩', '백합', '대세']"
525,525,Bonus Video♥ /대세는 백합Lily Fever - 이게 안무연습 일리가 없잖아,292492.0,2000.0,17.0,2015. 12. 21.,"['연습', '대세', '안무', '백합', '일리']"
526,526,자막 EP07– 야한것을 할 리가 없잖아 - 대세는 백합Lily Fever,1496828.0,6000.0,251.0,2015. 12. 21.,"['자막', '백합', '대세']"
527,527,Eng Sub EP06–알러지 치료법일 리가 없잖아 - 대세는 백합Lily Fever,7670550.0,10000.0,1000.0,2015. 12. 21.,"['백합', '치료법', '대세']"
528,528,Bonus Video♥Short Ver/대세는 백합Lily Fever - 2인조 걸그룹 데뷔일 리가 없잖아,286181.0,1000.0,21.0,2015. 12. 16.,"['대세', '백합', '그룹', '데뷔', '인조']"
529,529,Bonus Video♥Long Ver/대세는 백합Lily Fever - 2인조 걸그룹 데뷔일 리가 없잖아,522967.0,1000.0,51.0,2015. 12. 16.,"['대세', '백합', '그룹', '데뷔', '인조']"
530,530,Eng Sub EP05– 세랑이 종북일 리가 없잖아 - 대세는 백합Lily Fever,862073.0,5000.0,130.0,2015. 12. 16.,"['백합', '대세']"
531,531,Eng Sub EP04–이 드라마가 신파일 리 없잖아 - 대세는 백합Lily Fever,1200106.0,7000.0,192.0,2015. 12. 16.,"['백합', '대세', '파일', '드라마']"
532,532,자막 EP02–인공호흡일 리가 없잖아- 대세는 백합Lily Fever,7637887.0,30000.0,2000.0,2015. 12. 14.,"['대세', '호흡', '자막', '백합', '인공']"
533,533,Eng Sub EP03–이런 할머니가 있을 리 없잖아- 대세는 백합Lily Fever,2613834.0,10000.0,576.0,2015. 12. 14.,"['백합', '대세', '할머니']"
534,534,자막 EP01–첫 화부터 살인일 리가 없잖아 -  대세는 백합Lily Fever,1646690.0,10000.0,255.0,2015. 12. 14.,"['자막', '백합', '살인', '대세']"
535,535,자막 Prologue–이게 시작일 리가 없잖아 - 대세는 백합Lily Fever,378559.0,2000.0,41.0,2015. 12. 14.,"['자막', '시작', '백합', '대세']"
536,536,Eng Sub 대세는 백합Lily FeverTEASER2 - 후방주의 혼자 봐야하는 본격 여X여 드라마,877224.0,2000.0,241.0,2015. 12. 13.,"['대세', '주의', '백합', '혼자', '드라마', '본격', '후방']"
537,537,Eng Sub 대세는 백합Lily FeverTEASER1 -샤워중인 세랑과 경주의 파격 키스신,1291429.0,3000.0,317.0,2015. 12. 13.,"['대세', '파격', '중인', '경주', '백합', '샤워', '키스신']"
538,538,스타일101 정말 따뜻해 보이는 카멜 코디법,39126.0,125.0,6.0,2015. 12. 8.,"['코디', '스타일']"
539,539,스타일101 세상에서 가장 쉽게 보타이 나비넥타이 매는 방법 How to bowtie,31564.0,20.0,6.0,2015. 12. 8.,"['넥타이', '세상', '나비', '보타이', '스타일', '방법']"
