,title,view,like,unlike,date
0,밴디트가 영화 보다 턱 빠진 이유는❓※고혈압 주의※ | BVNDIT | 이연 | 승은 | 조진웅 | 이하늬 | 블랙머니 | 표정리뷰,조회수 3775회,55,5,2019. 12. 6.
1,대자연의 날을 구원해줄 구원자의 등장 feat생리 전 PMS 내 맘을 알아주는 원스인어문딩고,조회수 2487회,72,1,2019. 11. 30.
2,퇴사 후 제주 한 달 살이 브이로그✨  소리 꼭 켜고 봐야함,조회수 62450회,662,4,2019. 11. 29.
3,캠핑 브이로그 일에 지쳐 숲 속 캠핑을 떠나는 그녀의 하루,조회수 65091회,182,2,2019. 11. 27.
4,안영미의 차원이 다른 리액션 대파티♨️ 솔직입담 무삭제버전 개멋지다 이언니feat생리 전 PMS 내 맘을 알아주는 원스인어문 l 고백부스딩고,조회수 531503회,1.6천,632,2019. 11. 13.
5,세상에 하나뿐인 인생샷스튜디오에서 사진을 찍는다면 feat숙명여자대학교 | What if I met my Glamourshot,조회수 428789회,550,144,2019. 11. 10.
6,부산 광안리에서 당신의 그 날을 고백하세요 feat생리 전 PMS 내 맘을 알아주는 원스인어문 l 고백부스 부산편 l 딩고,조회수 205306회,204,59,2019. 11. 8.
7,서울 한강 공원 한복판에 고백부스가 설치됐다 feat생리 전 PMS 내 맘을 알아주는 원스인어문 l  고백부스 서울편 l 딩고,조회수 394583회,1.1천,589,2019. 11. 6.
8,신조어 맞히랬더니 거의 단어 재창조한 권상우 우도환ㅋㅋㅋㅋ | 키워드 워리어 | 신의 한 수: 귀수편,조회수 5897회,193,2,2019. 10. 30.
9,특히 귀 호강하는 이번주의 딩고 핫클립모음 | 딩고ZIP | 10월 넷째 주,조회수 2719회,50,5,2019. 10. 27.
10,이번 주는 처돌이들 다 드루와 니엘이 침앤펄 오반 건나블리 그리고 라이크 까지 핫클립모음 | 딩고ZIP | 10월 셋째 주,조회수 2544회,84,0,2019. 10. 20.
11,위기 탈출 새로운 시작 | 썸남 EP 후반부 하이라이트 | 장기용 최우식의 브로맨스 웹드라마,조회수 3136회,61,1,2019. 10. 17.
12,생리 전 다중인격vs살벌하게 소리치는 상사_결과는 feat생리 전 PMS 내 맘을 알아주는 원스인어문 EP02 마이빡다이어리딩고,조회수 655835회,580,242,2019. 10. 17.
13,홈바바이브 터지는 키친 메이크오버 feat비스포크,조회수 4208회,64,3,2019. 10. 16.
14,3_꽃인턴 | 연예인들의 회사 체험기 딩고 꽃 인턴 모음 | 딩고 시리즈堂,조회수 2752회,114,3,2019. 10. 16.
15,웹드라마 로봇이 아닙니다 속 남사친의 정석 정성윤 | 로봇이 아닙니다 | 정성윤 모아보기,조회수 3510회,120,0,2019. 10. 15.
16,강다니엘이 갑자기 고양이 소리를 낸 이유는다녤이 한 번 웃어줄 때마다 딩고 심장 쿵 하고 내려 앉았자나ㅠㅠ / 50色 강다니엘,조회수 80180회,9.5천,57,2019. 10. 14.
17,음악 드라마 예능 다 하는 콘텐츠 맛집 딩고의 핫클립모음 | 딩고ZIP | 10월 둘째 주,조회수 1816회,52,2,2019. 10. 13.
18,꼭 한 쪽 가슴 잘라내야 돼한국유방건강재단핑크리본캠페인,조회수 3723회,80,1,2019. 10. 11.
19,이제는 스킨십이 너무 자연스러워진 두 남자 | 썸남 EP78 하이라이트 | 장기용 최우식의 브로맨스 웹드라마,조회수 3707회,79,2,2019. 10. 10.
20,2_의리게임 | 카메라 밖에서 내 아이돌의 의리는 | 딩고 시리즈堂,조회수 3917회,208,1,2019. 10. 9.
21,로봇한테 이렇게 설레도 되는거야 | 로봇이 아닙니다 | 안도영 모아보기,조회수 3136회,127,1,2019. 10. 8.
22,침앤펄로 킹 받고 시작하는 지난 주 핫클립모음 | 딩고ZIP | 10월 첫째 주,조회수 2265회,74,4,2019. 10. 6.
23,이 콘텐츠들 도대체 뭐얔ㅋㅋㅋㅋㅋ 딩고가 준비한 병맛 모아주ZIP  | 딩고ZIP | 병맛 편,조회수 3682회,75,3,2019. 10. 3.
24,점점 깊어지는 두 남자의 관계 | 썸남 EP56 하이라이트 | 장기용 최우식의 브로맨스 웹드라마,조회수 3001회,71,3,2019. 10. 3.
25,1_딩고문고 | 눈과 귀의 즐거움을 한 번에 느낄 수 있는 감성 영상 | 딩고 시리즈堂,조회수 3122회,70,1,2019. 10. 2.
26,웹드에서도 시원한 도카콜라 도아 얼굴 보다가 시간 순삭 주의 | 로봇이 아닙니다 | 한여름 모아보기,조회수 12952회,354,5,2019. 10. 1.
27,딩고 새 웹드 그리고 침앤펄의 킬링팟 지난 주 딩고의 핫클립모음 | 딩고ZIP | 9월 넷째 주,조회수 1999회,41,3,2019. 9. 29.
28,조회수 상승 소취 조회수 올려주ZIP  | 딩고ZIP | 조회수 낮은 편,조회수 2918회,71,1,2019. 9. 26.
29,남사친한테 고백받아본 적 있는 사람 썰스데이4_레전드 썰,조회수 8134회,179,2,2019. 9. 26.
30,친구들 앞에서 성형한 사실을 들켜버렸다 썰스데이3_레전드 썰,조회수 7475회,179,1,2019. 9. 24.
31,더세로크리에이터 최종 수상작 발표 l The sero l 세로영상,조회수 2825회,57,1,2019. 9. 23.
32,웃겼다가 심쿵했다가 난리나는 이번 주 딩고 핫클립모음 | 딩고ZIP | 9월 셋째 주,조회수 2559회,99,0,2019. 9. 22.
33,구제 명품을 만 오천원에 겟할 수 있다구 가을코디는 여기에서 개미는 오늘도 EP04 광장시장편,조회수 7379회,63,13,2019. 9. 20.
34,딩고에서 만드는 콘텐츠가 뭐가 있냐고 물으신다면 핫클립모음 | 딩고ZIP | 9월 둘째 주,조회수 2902회,58,2,2019. 9. 19.
35,소심이들 감정 이입돼서 댓글 대잔치 열렸던 바로 그 웹드 | 로봇이 아닙니다 | 차가은 모아보기,조회수 5672회,182,2,2019. 9. 19.
36,뜨겁게 시작된 두 남자의 동거 브로맨스의 시작 | 썸남 EP34 하이라이트 |,조회수 3443회,72,0,2019. 9. 19.
37,국민개통령 강형욱의 근본없는인터뷰 ㅋㅋㅋㅋ 딩고PD가 강형욱한테 혼난 사연은 근본없는인터뷰 강형욱편,조회수 47176회,570,33,2019. 9. 16.
38,딩고 직원들 술안주 먹이는 몰카부터 CIX 새싹이들의 음향사고 세잘지2의 핫한 키스씬까지 핫클립모음  | 딩고ZIP | 9월 첫째 주,조회수 6551회,136,0,2019. 9. 12.
39,벽 하나를 둔 두 남자의 첫 만남 둘이 도대체 무슨 사이야 | 썸남 EP12 하이라이트 |,조회수 3575회,73,2,2019. 9. 12.
40,딩고가 역대급 조회수 영상들 모아주ZIP  | 딩고ZIP | 조회수 높은 편,조회수 6530회,179,2,2019. 9. 8.
41,딩고 콘텐츠들이 궁금해 딩고 핫클립모음  | 딩고ZIP | 8월 다섯째 주,조회수 3687회,73,1,2019. 9. 5.
42,이해 안 가는 엄마의 행동들,조회수 182743회,322,23,2019. 9. 5.
43,밀어내도 계속 들이대는 연하남 어떻게 해야 할까요 썰스데이1_레전드 썰,조회수 5035회,115,0,2019. 9. 5.
44,오늘 전 남친의 현 여친 생일 축하를 해주었다  썰스데이2_레전드 썰,조회수 8076회,188,3,2019. 9. 4.
45,우리 엄마가 위험하다  엄마를 지켜라   보이스피싱  IBK 피싱스톱,조회수 5168회,145,3,2019. 8. 8.
46,조정석 윤아가 딩고를 뒤집어 놓음ㅋㅋㅋ | 조정석 | 임윤아 | 고두심 | 김지영 | 엑시트 | yoona | 딩차딩차,조회수 86808회,1.2천,16,2019. 7. 31.
47,근본 없는 인터뷰 이세영편,조회수 337545회,3.6천,60,2019. 7. 15.
48,더 세로 크리에이터를 찾습니다,조회수 44216회,113,1,2019. 7. 4.
49,댄스 연습실에 솔라가 찾아온다면,조회수 398273회,1만,85,2019. 7. 4.
50,신발가게 알바생이 이시언이라면,조회수 102478회,1천,37,2019. 6. 22.
51,여자 둘이 떠난 원주 여행 코스6,조회수 7171회,185,0,2019. 6. 21.
52,첫눈에 반한 오빠친구가 하필 I 역시 사람은 오래 봐야해@@,조회수 287405회,1.1천,26,2019. 5. 31.
53,슬기로운 자취생활 박성광이 자취방에서 소리 지른 이유는,조회수 21861회,84,7,2019. 5. 24.
54,서울에서 혼자 산다면 꼭 알아둬야 할 것,조회수 47313회,412,45,2019. 5. 17.
55,우리가 포기하지 않는 이유,조회수 10444회,265,2,2019. 5. 15.
56,갑분여름에 대처하는 치마신발반팔티쥬얼리추천 진짜 이쁨 / 얼리써머템 뽕뽑자,조회수 75686회,357,18,2019. 5. 12.
57,박형식의 귀여운 유년 시절 20년전 희귀자료 ※눈물주의※ 졸귀탱 꼬꼬마가 아빠에게 쓰는 편지ㅠㅠ,조회수 69902회,1.7천,23,2019. 4. 30.
58,소름주의 사람은 고쳐쓰는 게 아니라더니 진짜 맞는 말,조회수 8580회,200,5,2019. 4. 30.
59,훈훈한 남사친 지수가 나의 고민을 들어준다면 | 내일을 응원해 | JISOO | 첫사랑은 처음이라서 | 딩고 | dingo,조회수 89440회,1.3천,31,2019. 4. 25.
60,어쩌다보니 제일 싫어하는 애를 짝사랑하게 되버림ㅠavi,조회수 22640회,497,12,2019. 4. 23.
61,학교에서 강제로 아침운동을 시켜봤더니,조회수 19061회,366,8,2019. 4. 9.
62,어느날 하하 별이 나타나 소원을 들어준다면 | 하하한테 이런 따뜻함이 | Haha & Byul Family,조회수 214252회,1.8천,36,2019. 3. 13.
63,스마트폰이 바꾼 우리의 10년역사를 뒤엎을 역대급 스마트폰이 나타났다,조회수 290454회,785,34,2019. 2. 28.
64,ENG SUB 레드벨벳 슬기가 우리 학교 선배라면 이런 느낌 ｜Red Velvet seulgi レッドベルベット,조회수 1735981회,6만,349,2019. 2. 25.
65,황우주 고등학교 자퇴하고 꽃인턴 취업했다구 치명+섹시돌 SF9의 스윗 존잘 모먼트,조회수 211055회,8.1천,25,2019. 2. 22.
66,누명 전문 배우 황우주의 본체_아이돌 SF9 찬희의 귀여움zip,조회수 171287회,8.1천,29,2019. 2. 15.
67,2019 ver 영국정복코스 A부터 Z까지 싹 다 정리해옴  5분 40초 야경 뷰 대박,조회수 42090회,937,18,2019. 2. 3.
68,삿포로에서 처음 본 남자 둘과♡ 연애와 여행사이in홋카이도 / 삿포로 2박3일 소개팅 / 오타루 비에이 숨은 맛집 / 한 편만에 끝나는 핫시st,조회수 73861회,321,29,2019. 2. 2.
69,파파레서피,조회수 17953회,709,10,2019. 1. 30.
70,막장고전 이춘풍전 ep2,조회수 4775회,98,2,2019. 1. 29.
71,막장고전 이춘풍전 ep1,조회수 5411회,97,2,2019. 1. 29.
72,쓰앵님의 셀피 상위 01% 안에 드는 법셀피캐슬,조회수 251196회,615,102,2019. 1. 29.
73,한 커플 어느 날 갑자기 덜컥 영국으로 꿈의 여행을 떠나게 되다 런던에서의 셀프웨딩이라니ㅠㅠㅠㅠ,조회수 7831회,240,4,2019. 1. 25.
74,국내여행 반차만 쓰고도 가기 좋은 경기도 핫플레이스 10,조회수 94037회,1천,15,2019. 1. 22.
75,백만원 모아서 나트랑 호화여행  풀빌라 해상스파마사지 머드온천 당장 가고픔  나트랑 3박 5일 여행정보 꿀팁백만녀 EP3,조회수 7189회,171,2,2019. 1. 18.
76,잊지 못한 전남친의 생일이 다가왔다 l 다들 한번쯤은 전여친 전남친 프사랑 인스타 본적 있지 않음,조회수 56127회,772,17,2019. 1. 18.
77,SNS 스타 유이가 알려주는 핫한 경기도 여행지 8 feat 오빠카드,조회수 47843회,505,10,2019. 1. 17.
78,그녀의 비밀,조회수 22980회,404,8,2019. 1. 11.
79,친구랑 급으로 떠난 경기도 여행 코스 feat 반차가평 · 양평 당일치기로 할 수 있는 것들 5,조회수 99993회,773,14,2019. 1. 3.
80,주작왕 하루아침에 SNS스타가 되었다,조회수 562885회,6.7천,176,2018. 12. 31.
81,남사친에서 남친으로 발전한 썰 | 설렘주의 내 마음이 몰랑해짐 ㅠㅠ,조회수 423963회,5.1천,99,2018. 12. 27.
82,먹방왕세자 벤틀리가 밥상 뒤엎은 썰 Feat 궁녀 윌리엄 | 엄마미소 주의‼️너무 귀여움,조회수 39761회,948,22,2018. 12. 22.
83,수능 끝난 고3 교실이 눈물 바다가 된 사연은 사제동행 마지막 선물,조회수 1522275회,1.8만,326,2018. 12. 20.
84,급식이들 매일 밤 뭐하길래 피곤해 | 급식이들이 피곤한 이유 | 이거보면 꿀잠 예약,조회수 168112회,3.5천,56,2018. 12. 18.
85,남녀 피임법 총정리 해 봄 이것이 진정한 성교육이다 | 체외 사정법 월경 주기법 하는 사람 필수 시청 | 콘돔 사용법 더블 더치 경구 피임약 성교육 피임 꿀팁 딩고,조회수 59030회,698,29,2018. 12. 13.
86,여친집에 몰래 가봤는데 충격 생활의 정석 심쿵 남친 웹드라마 잘생기고 사랑스러운 커플이다ㅠㅠ,조회수 65213회,840,36,2018. 11. 30.
87,대배우 이시언에게 연기를 해본다면,조회수 782371회,1.1만,154,2018. 11. 25.
88,세대별 인싸의 페이라이프,조회수 43985회,399,38,2018. 11. 23.
89,고등리뷰 풋젤리편,조회수 10007회,149,10,2018. 11. 22.
90,귀여운 로운이한테 진심 화낸 배우들ㅠㅠㅠ 그 와중에 로운이 춤 대박 | 딩고무비 초터뷰 | 해피 투게더 편 | 박성웅 송새벽,조회수 11730회,200,3,2018. 11. 17.
91,배우들 술자리 싸움 몰래 엿들음 ㅋㅋㅋ 대박이다 진짜… | 수상한 리뷰 | 해피투게더 | 최민식 이선균 한석규 김구라 김래원 유해진 양승원,조회수 74145회,174,41,2018. 11. 16.
92,우리가 알바를 결심하는 순간들,조회수 53445회,823,22,2018. 11. 15.
93,두근 다시 심장이 뛸 수 있는 이유,조회수 100195회,189,19,2018. 11. 14.
94,방구석 로망 - 삼성 에어드레서,조회수 8047회,126,8,2018. 11. 10.
95,존조 동안 비결이 소주라고 | 딩고 무비 콜링유_존조편 | 서치 VOD 출시,조회수 9349회,280,2,2018. 10. 26.
96,비밀연애의 설레는 순간들,조회수 176620회,2.3천,27,2018. 10. 25.
97,귀여운 찐따가 여신에게 반해 변하는 과정 생활의 정석 / 존잘러로 변화시키는 인싸템 귀여운 청춘 웹드라마 너무 귀여움ㅠㅠ,조회수 604921회,6.5천,266,2018. 10. 19.
98,배그가 조선시대에 있었다면 사녹수 배틀그라운드 추석 스킨 출시 | battleground sanhok,조회수 18863회,312,8,2018. 9. 21.
99,우리 윤주 하고 싶은 거 다 해 EP2,조회수 14521회,276,6,2018. 9. 20.
100,ㅇㅇ에 빠져 있던 남사친이 학교에서 갑자기 사라졌다 중독이 이렇게 무섭습니다ㅠㅠㅠ,조회수 69838회,1.4천,39,2018. 9. 17.
101,배그 때문에 결국 여친이랑 싸움 배그로 만난썰 두번째 이야기,조회수 201806회,2.8천,85,2018. 9. 14.
102,우리 윤주 하고 싶은 거 다 해,조회수 14392회,357,2,2018. 9. 13.
103,IS_이케아 가로수길 핫플레이스 이케아 팝업 스토어,조회수 8573회,143,7,2018. 9. 11.
104,돈스파이크가 만드는 음식 돈스파이크 / 대식 요정의 대식 먹방 / 돈가스스파게티스테이크,조회수 145133회,1.3천,63,2018. 8. 31.
105,내가 좋아하는 음식이 갑자기 말을 한다면/ 리얼동심카메라 '아이컨택' 2화,조회수 33625회,977,10,2018. 8. 30.
106,딩고맘 랜덤박스 아내를 위한 남편과 백종원의 서프라이즈 감동 이벤트 / 감동한 아내도 울고 그걸 본 남편도 울고 서프라이즈 후 완전 눈물 바다 ㅠㅠ,조회수 863475회,6.5천,277,2018. 8. 24.
107,클럽가면 꼭 있는 사람 BEST 10,조회수 95306회,2천,33,2018. 8. 24.
108,캐리비안베이 200% 즐기기,조회수 67162회,839,14,2018. 8. 23.
109,가십걸즈 3 전남친이 환승한 그녀의 정체는,조회수 536768회,4.4천,165,2018. 8. 23.
110,수상한 요가교실 갑자기 여자아이들 우기 수진이 요가하던 사람들과 몸빼바지를 입고 춤을 추게 된 사연은Feat여자아이들 우기 수진,조회수 350394회,1만,120,2018. 8. 23.
111,JYP 일일 연습생이 된 딩고feat스트레이키즈,조회수 883352회,5.2만,309,2018. 8. 10.
112,청하가 우리집에 놀러왔따 / 모닝콜을 부탁해 청하 편,조회수 2218016회,2.5만,512,2018. 8. 10.
113,갤럭시노트9 스펙 먼저 뜯어보기,조회수 39287회,566,18,2018. 8. 10.
114,훈남 아이돌의 틈새 팬층 공략기 오늘부터 입덕행_빅톤 편,조회수 83058회,4천,24,2018. 8. 3.
115,세상의 하나뿐인 피규어를 선물해 준 유병재,조회수 49560회,1천,22,2018. 8. 2.
116,근본 없는 인터뷰 조현우편,조회수 1091482회,1.1만,209,2018. 8. 1.
117,근본없는 인터뷰세미나 편,조회수 139499회,2.3천,35,2018. 7. 31.
118,조현우 대헤어 그것이 알고싶은 딩고수첩 feat 보물섬 강민석,조회수 2398693회,2만,674,2018. 7. 31.
119,수상한 돌잔치 세븐틴 때문에 사람들이 갑자기 모두 기절한 이유는Feat SEVENTEEN 정한 우지,조회수 781482회,3.7만,141,2018. 7. 27.
120,아이분장을 한 어른이 5살 어린이에게 친구라고 한다면/ 리얼동심카메라 아이컨텍,조회수 63982회,1.1천,17,2018. 7. 26.
121,수상한 치킨집 에이핑크가 치킨집에서 갑자기 격한 댄스타임을 벌인 이유는 Feat Apink 초롱 남주,조회수 491025회,9.2천,107,2018. 7. 17.
122,세상에서 가장 쓸모있는 선물,조회수 49804회,632,19,2018. 7. 17.
123,알래스카에서 잡은 연어 vs 알래스카로 배송된 연어 뭐가 더 맛있을까,조회수 23696회,189,34,2018. 7. 14.
124,보미가 애교에 야구데이트까지 해준다면 / 모닝콜을 부탁해 에이핑크 보미편 Apink Bomi,조회수 466390회,7.3천,94,2018. 7. 13.
125,워터파크 가고 싶은 사람,조회수 15818회,277,14,2018. 7. 12.
126,수상한 레스토랑 뉴이스트W가 밥 먹다가 갑자기 왈츠를 추게 된 사연은 Feat JR김종현 백호강동호,조회수 234132회,1.2만,45,2018. 7. 6.
127,학교 최고의 순정남이 알고보니 바람둥이였다고 내가 여친이였으면 진심 개빡쳤을 듯 ㅂㄷㅂㄷ,조회수 179831회,1.8천,43,2018. 7. 6.
128,PC방 어택 현식이 PC방 옆자리에 앉는다면 9 비투비 현식,조회수 536938회,1.6만,157,2018. 7. 4.
129,좋아하는 아이돌이 치킨 가지고 학교까지 찾아옴 ㄹㅇ 힘든 거 싹 잊을 듯｜치킨어택,조회수 675661회,9.2천,120,2018. 6. 28.
130,야구장에서 전 남친이랑 마주쳤을 때 생기는 일 | 키썸의 강력 추천 고정력 갑 어반디케이 픽서,조회수 354923회,4.1천,74,2018. 6. 22.
131,축구할 때 이런 애들 꼭 있다,조회수 1962219회,1.2만,1천,2018. 6. 18.
132,아슬아슬 썸 타는 남녀 사이를 해설과 캐스터가 중계한다면 / 이건모지톡 썸에서 연애로 가는 길,조회수 151158회,1.4천,71,2018. 6. 15.
133,빙탄소년단 곽윤기가 아침부터 모닝'춤'을 춰 준다면 / 모닝콜을 부탁해 곽윤기 편,조회수 56242회,897,44,2018. 6. 15.
134,한여름 클럽에서 연하남 겟한 키썸의 솔직 후기 | 고정력 쩐다는 어반디케이 픽서,조회수 268400회,2.7천,111,2018. 6. 8.
135,쥬라기 월드 : 폴른 킹덤 200만 돌파해서 신난 공룡이들 댄스 파티,조회수 13117회,408,10,2018. 6. 8.
136,아빠의 스웩이 폭발할 때,조회수 343845회,4.4천,94,2018. 6. 1.
137,배틀그라운드로 만난 이야기 배그썰,조회수 1734315회,1.4만,751,2018. 5. 31.
138,현관문을 열었더니 여자친구가 / 모닝콜을 부탁해 여자친구 편 GFRIEND,조회수 761629회,1.1만,222,2018. 5. 26.
139,크러쉬가 감미로운 라이브로 아침을 깨워준다면 / 모닝콜을 부탁해 크러쉬 편,조회수 412403회,6천,70,2018. 5. 22.
140,수상한 미용실 미용실에서 시어머니와 며느리가 날 사이에 두고 싸운다면 With 오마이걸 승희 미미,조회수 583391회,9천,156,2018. 5. 11.
141,Sony 진동 속으로,조회수 12159회,193,6,2018. 5. 4.
142,사내 비밀 연애하던 전 남친에게 청첩장을 받았다 전화위복 / 동의어보감 AHC 특별편,조회수 912031회,8천,224,2018. 5. 4.
143,아침에 눈 떴는데 오마이걸이 눈 앞에서 모닝콜을 불러준다면 / 모닝콜을 부탁해 오마이걸 효정&유아 편 OH MY GIRL,조회수 306401회,4.5천,108,2018. 5. 2.
144,사랑 받는다고 느끼는 순간,조회수 542228회,4.4천,324,2018. 5. 1.
145,리얼 훈남 인터뷰 훈터뷰 Stray Kids 현진&아이엔정인,조회수 397057회,2.8만,76,2018. 4. 27.
146,걸그룹 데뷔를 앞둔 한 소녀에게 어마무시한 일이 일어났다 데뷔 전부터 살벌한 신인 걸그룹 '아이들' ,조회수 309564회,8.3천,84,2018. 4. 26.
147,롯데월드에 깜짝 방문한 에릭남이 나의 일일 남친이 되어준다면 / 행복한 사진관 에릭남 편,조회수 252468회,3.3천,19,2018. 4. 20.
148,클럽에서 이상형인 여자 DJ와 눈이 맞았다 드디어 썸 시작 with SONY XPERIA XZ2,조회수 207603회,1.4천,84,2018. 4. 20.
149,입만산세끼 숙취 해소에 좋은 음식,조회수 24487회,283,16,2018. 4. 20.
150,딩고에 윤성빈이 떴다 평창 올림픽 스켈레톤 금메달리스트와 함께 하는 근본없는 인터뷰,조회수 322771회,4천,69,2018. 4. 13.
151,꽃인턴 역대급 비주얼 남기고 간_에릭남feat세븐틴 승관&버논,조회수 195202회,9.4천,24,2018. 4. 13.
152,돼동여지도강남 맛집,조회수 460974회,1.1만,198,2018. 4. 11.
153,남녀 서로 못보는 상태에서 대화 향기 느낌으로만 소개팅을 한다면,조회수 113274회,773,202,2018. 4. 10.
154,핑크빛 알바생으로 나타난 레드벨벳이 준비한 깜짝 이벤트,조회수 4370304회,8.1만,1천,2018. 4. 7.
155,다이어트 챌린지 우승자는 문화여고 칭구들 맘마미아 다이어트 챌린지,조회수 134669회,1.3천,22,2018. 4. 7.
156,지원영상 하이라이트 SF9 맘마미아 다이어트 챌린지,조회수 32404회,380,5,2018. 4. 7.
157,맨날 말로만 다이어트 한다고 하는 사람들 이거 꼭 봐야함 팩트 폭력 제대로 맞음ㅠㅠㅠ,조회수 14956회,163,7,2018. 4. 6.
158,근본없는 인터뷰 세븐틴 '부석순'편,조회수 1126760회,2.7만,162,2018. 4. 6.
159,베이킹포유5 퐁당 오 쇼콜라,조회수 27031회,519,9,2018. 4. 6.
160,직장에서 사랑이 시작될때,조회수 662122회,3.9천,204,2018. 4. 6.
161,딩고문고 허먼 멜빌 '모비딕' 클램 차우더 편 asmr,조회수 12666회,361,5,2018. 4. 2.
162,슬기로운 솔로생활제주도 여행 편,조회수 10405회,206,5,2018. 3. 31.
163,동의어보감 홈파티편,조회수 16345회,199,11,2018. 3. 30.
164,매일매일 스트레스 투성이인 직장인들의 멘붕 탈출법,조회수 19016회,243,19,2018. 3. 30.
165,SF9 로운 X 하상욱 아이돌 훈남룩을  남팬이 직접 따라 입어 보았다,조회수 103718회,2.4천,31,2018. 3. 29.
166,타임머신을 타고 100년 뒤 농업이 사라진 시대로 가 보았다,조회수 19380회,286,11,2018. 3. 29.
167,행복한사진관 갓세븐 GOT7 진영,조회수 1006941회,3.3만,157,2018. 3. 23.
168,공대여신에게 사랑받는 법,조회수 1372285회,8.3천,375,2018. 3. 23.
169,베이킹포유4 말차스콘,조회수 19482회,417,7,2018. 3. 23.
170,3m 청소는 하고 쉽다 시즌2,조회수 4956회,102,1,2018. 3. 23.
171,나의 모든 순간 KB,조회수 15644회,320,6,2018. 3. 20.
172,*상금 100만원* SF9과 딩고가 함께하는 MAMMA MIA 다이어트 챌린지 오픈,조회수 1065003회,1.7만,145,2018. 3. 19.
173,200% 즐기기 모로코 편,조회수 5590회,147,2,2018. 3. 16.
174,딩고문고 안도현 '스며드는 것' 간장게장 레시피 asmr,조회수 28027회,366,18,2018. 3. 16.
175,기승전팁 뉴 홈파티 칵테일 레시피,조회수 15004회,375,2,2018. 3. 16.
176,미식한고독가 더 페이머스 버거 feat 로꼬 / 어반자카파,조회수 59355회,972,11,2018. 3. 14.
177,프로 인생상담러 공신 강성태가 취업준비생에게 전하는 리얼 팩폭 공부는 이렇게 하는거야,조회수 134480회,1.7천,57,2018. 3. 14.
178,메리와테이블 EP02 생일축하해 소고기 미역국 레시피,조회수 7606회,164,3,2018. 3. 2.
179,셰프의 레시피 박영호 셰프의 버섯 파스타,조회수 10482회,215,5,2018. 3. 2.
180,우리의 사랑이 시작되는 순간들데이팅 앱으로 너를 발견한 순간,조회수 1401219회,1.5만,267,2018. 2. 28.
181,딩고문고 JRR톨킨 '반지의제왕' 렘바스 레시피 asmr,조회수 13300회,302,6,2018. 2. 28.
182,우리가 살면서 불만에 대처하는 자세 5,조회수 340324회,3.7천,122,2018. 2. 27.
183,행복한사진관2PM 준호가 증명사진을 찍어준다면,조회수 418028회,7.2천,54,2018. 2. 27.
184,나도 개헌에 참여해보았다,조회수 9889회,174,16,2018. 2. 26.
185,기승전팁 스타벅스 시크릿 레시피 2018ver,조회수 28704회,694,38,2018. 2. 24.
186,얼리돼답터 너만 몰랐던 대존맛 히든 맛집 BEST4,조회수 17723회,363,3,2018. 2. 16.
187,셰프의레시피 김민지셰프의 콩나물 냉채,조회수 4082회,87,0,2018. 2. 16.
188,아바타스쿨 세븐틴SEVENTEEN이 수상한 모습으로 학교에 나타난 이유는,조회수 4403537회,10만,966,2018. 2. 14.
189,딩고문고 황정은 '계속해보겠습니다' 만두 레시피 asmr,조회수 12233회,269,4,2018. 2. 14.
190,얼리돼답터 너만 몰랐던 대존맛 히든카페 BEST5,조회수 29624회,906,6,2018. 2. 9.
191,얼리돼답터제주가 넘치는 맛집 베스트5,조회수 15185회,219,8,2018. 2. 9.
192,한라아이스하키 꽤나 매력적이잖아,조회수 3477회,64,4,2018. 2. 8.
193,심쿵주의 남친에게 방탄소년단 BTS 팬인 아미임을 밝혔을 때 남친의 리얼반응,조회수 554801회,1.4만,456,2018. 2. 3.
194,괌 필수 먹방 투어 TOP13,조회수 21044회,454,3,2018. 2. 2.
195,여사친에게 남사친이 남자로 보이는 순간 7,조회수 2894814회,1.5만,763,2018. 2. 2.
196,셰프의 레시피 박영호의 '맥 앤 치즈',조회수 14939회,275,9,2018. 2. 2.
197,딩고문고 무라카미 하루키 '노르웨이의 숲' 관서식 계란말이 레시피 asmr,조회수 33145회,730,16,2018. 1. 31.
198,얼리돼답터 괌 200% 즐기기,조회수 30887회,658,9,2018. 1. 26.
199,딩고문고 신경숙 '엄마를 부탁해' 문어숙회 편,조회수 22041회,355,15,2018. 1. 24.
200,셰프의 레시피 민스키친의 소고기 찹쌀구이,조회수 3325회,34,4,2018. 1. 23.
201,대리운전을 불렀는데 소중한 사람이 나온다면,조회수 33634회,344,5,2018. 1. 22.
202,PC방어택 청하와 PC방 데이트를 해본다면 8 청하,조회수 1545025회,1.6만,270,2018. 1. 20.
203,괌 마트에서 꼭 사야하는 간식 BEST19,조회수 28935회,521,5,2018. 1. 19.
204,MXM이 증명사진을 찍어준다면,조회수 138984회,5.1천,27,2018. 1. 17.
205,딩고문고 루시 M 몽고메리 '빨강머리 앤' 라즈베리 코디얼 편,조회수 18635회,496,8,2018. 1. 17.
206,술자리에 조세호가 나타난다면 2탄 - 형이 왜 또 거기서 나와,조회수 27454회,253,15,2018. 1. 17.
207,술자리에 조세호가 나타난다면 1탄 - 형이 왜 거기서 나와,조회수 45943회,361,15,2018. 1. 16.
208,셰프의 레시피 양출쿠킹의 간장 닭 구이 덮밥,조회수 14245회,293,5,2018. 1. 16.
209,미식한 고독가 부산 맛집 편,조회수 17474회,268,7,2018. 1. 12.
210,딩고문고 현진건 '운수 좋은 날' 설렁탕 편,조회수 19595회,289,8,2018. 1. 10.
211,셰프의 레시피 김양출의 항정살 덮밥,조회수 16297회,259,12,2018. 1. 9.
212,산타가 나타나 내 꿈을 응원해준다면,조회수 31903회,672,7,2018. 1. 5.
213,PC방어택 에이핑크 오하영이 내 여자친구라면 7,조회수 1737996회,1.5만,352,2017. 12. 28.
214,수상한 스시집 스시집에서 세븐틴이 밥 먹다가 갑자기 춤을 추게된 사연은 With SEVENTEEN 호시 민규 ENG sub,조회수 3700392회,10만,527,2017. 12. 28.
215,딩고문고 김애란 '바깥은 여름' 우럭 미역국 편,조회수 14215회,311,8,2017. 12. 27.
216,셰프의 레시피 레이먼 킴의 미드가르드 '등심 스테이크',조회수 10992회,153,7,2017. 12. 26.
217,꽃인턴 빅톤VICTON,조회수 82093회,3.6천,18,2017. 12. 23.
218,딩고문고 에쿠니가오리 '도쿄타워' 인스턴트 커피 편,조회수 17475회,298,5,2017. 12. 23.
219,여사친아 부탁해 아직도 여친 크리스마스 선물을 준비하지 못했다고,조회수 8603회,133,13,2017. 12. 23.
220,메리와테이블 EP01 매운맛이 필요해 닭볶음탕 계란찜 레시피,조회수 11118회,180,9,2017. 12. 23.
221,고기TV 드라이에이징 편,조회수 104348회,664,31,2017. 12. 22.
222,근본없는 인터뷰김동완편,조회수 72041회,2.2천,5,2017. 12. 22.
223,셰프의 레시피 레이먼 킴의 리코타 펜네 파스타,조회수 6997회,135,5,2017. 12. 19.
224,딩고속보어묵 국물 맛 어묵티 화제,조회수 17423회,241,16,2017. 12. 18.
225,심쿵주의 나를 심쿵하게 만드는 남자친구의 귀여운 철벽,조회수 176556회,2.4천,99,2017. 12. 15.
226,고기TV뼈대 있는 고기 특집,조회수 243379회,1.2천,89,2017. 12. 15.
227,수고했어 오늘도 박원순이 야식을 들고 찾아온다면 28 박원순,조회수 156640회,1.2천,137,2017. 12. 13.
228,200%즐기기유니버설 스튜디오 재팬 크리스마스,조회수 16196회,257,6,2017. 12. 11.
229,200%즐기기유니버설 스튜디오 재팬 해리포터 크리스마스,조회수 9278회,252,5,2017. 12. 9.
230,PC방어택 스티치가 내 옆에서 트레를 꺼낸다면 6 러너웨이 스티치,조회수 1474250회,1.3만,253,2017. 12. 9.
231,꽃인턴 세븐틴 SEVENTEEN,조회수 824582회,3만,132,2017. 12. 1.
232,우리의 사랑이 시작되는 순간들강릉편,조회수 528334회,2.5천,106,2017. 11. 30.
233,딩고속보 셀럽 다이어트템,조회수 7120회,124,3,2017. 11. 25.
234,심쿵주의 나를 심쿵하게 만드는 여친의 말들,조회수 165022회,2.2천,59,2017. 11. 24.
235,re:play EXID리플레이 이엑스아이디2화 처음 공개하는 EXID 솔지의 이야기,조회수 276013회,4.9천,41,2017. 11. 18.
236,3시 내고향 전라도 편,조회수 1506096회,3.2만,386,2017. 11. 15.
237,엄마의 버킷리스트 EP01,조회수 16858회,326,6,2017. 11. 15.
238,re:play EXID리플레이 이엑스아이디1화 EXID 멤버들이 직접 얘기하는 각종 루머들,조회수 559906회,9.1천,71,2017. 11. 11.
239,re:play EXID리플레이 이엑스아이디 솔지 한마디에 울음바다 된 EXID 멤버들 ★딩고 최초공개★,조회수 686708회,9.2천,99,2017. 11. 7.
240,PC방어택 B1A4 바로가 내 친오빠라면 5 B1A4 바로,조회수 1359350회,1만,291,2017. 11. 4.
241,딩고속보 *올드보이하우스* 오픈,조회수 4003회,48,0,2017. 11. 3.
242,이하늬가 나타나 나의 고민을 들어준다면,조회수 269683회,2.7천,53,2017. 10. 31.
243,심쿵주의 나를 심쿵하게 만드는 여자친구의 한마디,조회수 84635회,1.3천,37,2017. 10. 27.
244,꽃인턴사랑둥이vs잘생쁨 GOT7 잭슨&진영,조회수 915924회,3.3만,140,2017. 10. 23.
245,심심테스트 B1A4가 화나서 촬영장을 뛰쳐나간 이유는,조회수 170496회,4.6천,23,2017. 9. 29.
246,꽃인턴인간비타민 피오가 후배로 들어온다면,조회수 185362회,6.4천,16,2017. 9. 29.
247,오늘모해 B1A4 멤버들과 함께 좀비월드 놀러감full ver/비하인드 영상 공개,조회수 110258회,3.6천,13,2017. 9. 26.
248,들으면 기분 좋아지는 말 10feat피오,조회수 23944회,1.3천,2,2017. 9. 26.
249,오늘모해 지켜주고 싶은 남자들과 좀비월드 놀러감featB1A4,조회수 156592회,5.2천,26,2017. 9. 21.
250,마동석의 핑크빛사랑ep3 핑크빛사이_최종화,조회수 85649회,782,15,2017. 9. 21.
251,훈터뷰 MXM 임영민X김동현,조회수 151505회,6천,25,2017. 9. 15.
252,리얼술자리털기 한잔TALK 남자가 진짜 좋아하는 여자를 만났을 때 하는 행동 with 엔플라잉,조회수 563773회,4.5천,85,2017. 9. 14.
253,수상한 버스 임영민이 버스에서 알파카 댄스를 추게 된 사연은 WithMXM,조회수 501690회,1.6만,97,2017. 9. 8.
254,마동석의 핑크빛 사랑ep2 핑크빛 만남,조회수 160826회,1.2천,23,2017. 9. 6.
255,랜선집들이 귀염부부의 미니멀리즘 신혼집,조회수 47080회,356,31,2017. 9. 2.
256,훈터뷰 빅톤 병찬 X 세준,조회수 114922회,4.3천,15,2017. 9. 1.
257,마동석의 핑크빛 사랑 ep1 핑크빛 기류,조회수 237348회,1.7천,39,2017. 9. 1.
258,리얼술자리털기 한잔TALK 술 마시고 다음날 우리들의 진짜 모습,조회수 128681회,629,22,2017. 8. 31.
259,심심테스트 남자들에게 음란마귀 테스트를 시켜봤다 With빅톤VICTON,조회수 603093회,1만,157,2017. 8. 26.
260,꽃인턴 JBJ 김동한 & RAINZ 장대현,조회수 130003회,3.3천,23,2017. 8. 25.
261,리얼술자리털기 한잔TALK 솔로들이 알아둬야 할 헌팅률 UP 시키는 방법,조회수 390862회,856,159,2017. 8. 18.
262,훈터뷰 권현빈x김기범,조회수 83872회,2.4천,25,2017. 8. 4.
263,훈터뷰 그루비룸 X 원,조회수 442116회,1.6만,138,2017. 7. 28.
264,PC방 어택 류제홍과 준바가 PC방에서 그룹신청을 한다면 4 루나틱하이 류제홍 준바,조회수 1140901회,7천,152,2017. 7. 25.
265,수상한 택시 낯선 근육맨들과 택시에서 합승을 하게 된다면 With정용화CN BLUE ENG Sub,조회수 189945회,2.9천,48,2017. 7. 22.
266,리얼술자리털기 한잔TALK두근두근 남자의 고백에 여자들의 심리,조회수 142744회,533,24,2017. 7. 20.
267,릴레이보이스페셜 : 훈남들이 내 머리를 감겨준다면 With빅톤VICTON,조회수 925722회,1.7만,134,2017. 7. 17.
268,노래방어택 노래방에 갑자기 좋아하는 가수가 들어온다면 10 정용화,조회수 302607회,2.6천,45,2017. 7. 17.
269,수고했어 오늘도 퓨처 와이프 찾은 자존감 대통령 헨리와의 역대급 설렘 데이트 24 헨리,조회수 4680332회,7.3만,844,2017. 7. 9.
270,리얼술자리털기 한잔TALK너만 몰랐던 HOT한 알콜사용법feat막걸리,조회수 45004회,214,11,2017. 7. 6.
271,방박불가-최종화 여자친구가 미용실에서 머리를 망치고 왔다면,조회수 885498회,5.9천,223,2017. 6. 30.
272,리얼술자리털기 한잔TALK술자리 필살게임feat예지,조회수 324802회,1.5천,40,2017. 6. 29.
273,수고했어 오늘도 “사람 많이 죽였겠네요” 그 말이 뼈저리게 아프지 625 참전 용사 이병기 할아버지 23 아이오아이 김소혜,조회수 2127579회,5.1만,347,2017. 6. 26.
274,수상한 카페 카페에서 옆 테이블 커플이 격렬하게 싸운다면  With정혁,조회수 848923회,1.2만,303,2017. 6. 24.
275,리얼술자리털기 '한-잔TALK' 억지로 간 싫은 술자리 탈출하기 위한 방법,조회수 42577회,291,5,2017. 6. 22.
276,방박불가 200일된 커플과 21년된 커플이 놀이공원데이트를 한다면,조회수 1071791회,7.8천,282,2017. 6. 18.
277,꽃인턴 iKON,조회수 31807회,1천,8,2017. 6. 16.
278,수고했어 오늘도 안 바쁘면 데이트 하자 팬에게 데이트 신청한 스윗한 바비와 한강에서 치맥을 한다면 22 아이콘 바비,조회수 2491965회,4.7만,464,2017. 6. 16.
279,우리가 하는 연애8 남자가 전여자친구를 만나게 되었을 때,조회수 1194410회,8.7천,179,2017. 6. 16.
280,릴레이보이 어색한 남자 둘이 서로에게 팩을 해준다면,조회수 87795회,1천,6,2017. 6. 6.
281,리얼술자리털기 '한-잔TALK' 술자리 여자를 심쿵하게하는 남자의 행동,조회수 248294회,667,42,2017. 6. 1.
282,방박불가 친한 누나의 남자 친구가 나쁜 남자라면,조회수 307217회,2.2천,45,2017. 5. 30.
283,수고했어 오늘도 좋아하는 연예인을 가족에게 소개해준다면 21 하이라이트 용준형,조회수 1373964회,1.5만,245,2017. 5. 27.
284,PC방 어택 경리가 여자친구처럼 PC방에서 갑자기 밀착해온다면 3 경리,조회수 2032083회,1만,338,2017. 5. 19.
285,기습로이정식,조회수 48816회,859,12,2017. 5. 19.
286,리얼술자리털기 한잔TALK '한-잔TALK' 홍대/강남/이태원 19금 핫플레이스,조회수 176086회,857,43,2017. 5. 18.
287,릴레이보이2 훈남 모델들과 삼청동에서 한복데이트를 한다면,조회수 327184회,2.7천,53,2017. 5. 15.
288,수고했어 오늘도 좋아하는 연예인이 나 때문에 운다면 20 아이오아이 최유정,조회수 4258504회,7.4만,872,2017. 5. 13.
289,따밥 유승민 편,조회수 91397회,1.3천,32,2017. 5. 5.
290,따밥 심상정 편,조회수 273040회,4.3천,120,2017. 5. 5.
291,방박불가 운전할 때 여자친구가 계속 화나게 한다면,조회수 369638회,2.4천,83,2017. 5. 3.
292,수고했어 오늘도 '효리네 민박' 알바 열심히 해서 젊은 나이에 자수성가한 '호텔 델루나' 장만월 아이유 사장님의 인생역전 스토리 19 아이유,조회수 4118303회,5.4만,950,2017. 4. 29.
293,썸남최종화 - 이렇게 끝나도 되는거,조회수 894648회,2만,125,2017. 4. 27.
294,리얼술자리털기 한잔TALK 남자는 모르는 여자들의 술자리 진짜 모습,조회수 127505회,527,29,2017. 4. 27.
295,썸남14화 - 오늘 밤 같이 자도 되는 거,조회수 1119056회,1.6만,182,2017. 4. 26.
296,썸남특별편_뮤직비디오,조회수 220187회,5.2천,24,2017. 4. 26.
297,PC방 어택 선미가 내 여자친구라면 2 선미,조회수 2796844회,1.5만,541,2017. 4. 25.
298,썸남13화 - 오늘밤 안겨도 되는 거,조회수 921745회,8.3천,152,2017. 4. 25.
299,릴레이보이2 훈남 모델 4명과 찜질방데이트를 한다면,조회수 839630회,5.7천,173,2017. 4. 25.
300,썸남12화 - 셋이 한방에서 이래도 되는 거,조회수 606956회,6.3천,81,2017. 4. 24.
301,썸남11화 - 내 몸이 이렇게 뜨거워도 되는 거,조회수 685656회,7.6천,99,2017. 4. 24.
302,썸남10화 - 같이 밤새 있어도 되는 거,조회수 628286회,7.1천,106,2017. 4. 23.
303,우리가 하는 연애 7 이별 후 남자와 여자의 속마음,조회수 2255436회,1.6만,382,2017. 4. 22.
304,썸남9화 - 이렇게 격정적이어도 되는 거,조회수 760320회,9.8천,99,2017. 4. 21.
305,썸남8화 - 남자끼리 로맨틱해도 되는 거,조회수 770341회,1.1만,112,2017. 4. 19.
306,썸남7화 - 이렇게 입 맞춰도 되는거,조회수 823749회,1만,162,2017. 4. 17.
307,PC방 어택 틴탑이 PC방에 갑자기 등장한다면 1 틴탑,조회수 527085회,3.2천,47,2017. 4. 16.
308,수고했어 오늘도 벚꽃을 보면 친구들이 생각난다는 세월호 생존 학생 장애진 양 18 원더걸스 선미,조회수 2862412회,5.1만,649,2017. 4. 15.
309,우리가 하는 연애 6 헤어질 때 들으면 비참한 말,조회수 2106709회,1.5만,392,2017. 4. 15.
310,방박불가 내 남자친구가 모델이라면 박보성,조회수 101082회,783,20,2017. 4. 14.
311,썸남6화 - 남자끼리 포개져도 되는거,조회수 1149558회,1만,195,2017. 4. 14.
312,방박불가 내 남친이 모델이라면 방주호,조회수 134534회,953,27,2017. 4. 14.
313,리얼술자리털기 한잔TALK 내 남친의 술 약속,조회수 81851회,330,13,2017. 4. 13.
314,썸남5화 - 같이 흠뻑 젖어도 되는거,조회수 3512543회,2.2만,945,2017. 4. 12.
315,썸남4화 - 남자 둘이 같이 살아도 되는거,조회수 987292회,1.1만,143,2017. 4. 10.
316,우리가 하는 연애 5 남자의 마음이 식어가는 것을 느낄 때,조회수 2046703회,1.4만,335,2017. 4. 8.
317,썸남3화 - 남자끼리 불붙어도 되는거,조회수 3595277회,1.9만,794,2017. 4. 7.
318,릴레이보이2 훈남 모델들과 롯데월드 데이트를 한다면,조회수 660248회,4.7천,158,2017. 4. 7.
319,썸남2화 - 가슴은 되는거,조회수 876932회,1만,118,2017. 4. 5.
320,썸남1화 - 옆집 남자랑 썸타도 되는거,조회수 1650545회,2.5만,303,2017. 4. 3.
321,썸남밥먹다 설렘사 - 최우식장기용 편,조회수 435910회,8.2천,47,2017. 4. 3.
322,방박불가남자친구가 갑자기 밤 늦게 찾아온다면,조회수 240728회,1.5천,86,2017. 4. 2.
323,우리가 하는 연애 4 너와 가는 첫 여행,조회수 2160592회,8.6천,331,2017. 4. 1.
324,썸남 딩고 무비 - 최우식 인터뷰,조회수 243656회,5.5천,23,2017. 4. 1.
325,수고했어 오늘도 좋아하는 연예인과 패러글라이딩을 탄다면 17 씨엔블루 강민혁,조회수 417016회,4.2천,53,2017. 4. 1.
326,썸남 헬스 1분컷 - 친구끼리 근육 2배로 만드는 운동법,조회수 169571회,3.6천,19,2017. 3. 31.
327,썸남 딩스패치 - 최우식장기용,조회수 139846회,2.1천,21,2017. 3. 30.
328,썸남 예고편,조회수 107268회,1.1천,16,2017. 3. 29.
329,수고했어 오늘도 문재인 대통령의 애칭 '이니'를 만들어준 최초의 영상 16 문재인,조회수 5106530회,7만,5천,2017. 3. 27.
330,방박불가 내가 좋아하는 모델이 남자친구가 된다면,조회수 263953회,1.5천,52,2017. 3. 27.
331,우리가 하는 연애 3 너와 하는 첫 키스,조회수 2691733회,1.5만,482,2017. 3. 25.
332,릴레이보이2 좋아하는 모델들과 버스데이트를 한다면,조회수 289036회,2.3천,51,2017. 3. 20.
333,우리가 하는 연애 2 내가 좋아하는 사람 VS 나를 좋아해주는 사람,조회수 1427393회,9.4천,157,2017. 3. 19.
334,리얼술자리털기 한잔TALK 술자리 남자를 설레게 하는 행동,조회수 470384회,1.4천,75,2017. 3. 16.
335,리얼술자리털기 한잔TALK 칵알못들을 위한 칵테일 추천,조회수 73169회,622,21,2017. 3. 16.
336,우리가 하는 연애 1 남자가 여자를 진짜 좋아할 때 하는 행동,조회수 3790213회,2.7만,631,2017. 3. 13.
337,방박불가 남자친구가 갑자기 우리집에 찾아온다면,조회수 212172회,1.2천,239,2017. 3. 10.
338,방박불가 여자친구가 술에 취한다면,조회수 522698회,2.6천,191,2017. 3. 7.
339,꽃인턴의 럭키박스 여친룩,조회수 67580회,690,21,2017. 3. 4.
340,수고했어 오늘도 좋아하는 연예인과 동갑내기 친구가 된다면 15 구구단 김세정,조회수 4070294회,4.7만,770,2017. 3. 4.
341,꽃인턴의 럭키박스 꽃길 이용권,조회수 35552회,540,7,2017. 2. 25.
342,쇼핑메이트 188cm 여심 저격 모델이 내 스타일을 변신시켜 준다면,조회수 174127회,1.5천,39,2017. 2. 23.
343,방박불가 여자친구가 내 친구에게 첫눈에 반한다면,조회수 1016441회,6.9천,287,2017. 2. 21.
344,수고했어 오늘도 좋아하는 연예인이 내 방에 온다면 14 인피니트 남우현,조회수 2102383회,2.3만,396,2017. 2. 18.
345,그루비룸의_LIKE,조회수 47700회,757,6,2017. 2. 16.
346,릴레이보이2 훈남모델 4명이 주말 데이트 메이크업을 해준다면,조회수 581680회,4.8천,87,2017. 2. 14.
347,꽃인턴의 럭키박스 사랑스러운 여자향수 BEST 5,조회수 59951회,807,10,2017. 2. 11.
348,쇼핑메이트 잔망스러운 블락비 박경과 잠옷 쇼핑을 한다면,조회수 46126회,912,8,2017. 2. 10.
349,방박불가 여자친구가 친구들 앞에서 방귀를 뀐다면,조회수 234470회,1.6천,35,2017. 2. 7.
350,릴레이보이2 팬이었던 모델과 드라이브를 한다면 - 릴레이데이트 2화,조회수 622683회,6.7천,74,2017. 1. 31.
351,꽃인턴의 럭키박스다이어트 10,조회수 33757회,459,8,2017. 1. 28.
352,수고했어 오늘도 윤두준과 스케이트장 데이트를 한다면 13 하이라이트 윤두준,조회수 1164218회,1.7만,147,2017. 1. 27.
353,릴레이보이2 팬이었던 모델이 학교앞에서 나를 기다린다면,조회수 1750812회,1.1만,312,2017. 1. 24.
354,꽃인턴의 럭키박스데이트 코스 쏜다,조회수 21688회,234,3,2017. 1. 20.
355,영어 마비 극복의 길,조회수 6488회,70,12,2017. 1. 16.
356,방박불가 여자친구가 음치 몸치라면,조회수 307292회,2천,48,2017. 1. 13.
357,꽃인턴의 럭키박스새해선물_ 뷰티박스,조회수 22632회,427,3,2017. 1. 13.
358,스타일티처 걸크러시 아름티처,조회수 19134회,156,20,2017. 1. 11.
359,쇼핑메이트 어린 왕자 같은 훈남 모델이 크리스마스 아이템을 골라준다면,조회수 134156회,1천,15,2017. 1. 10.
360,릴레이보이2 훈훈한 남자4명과 김장을 한다면,조회수 187560회,1.3천,30,2017. 1. 9.
361,방박불가 낯선여자가 여자친구라며 최악의 도시락을 선물한다면,조회수 210768회,1.4천,24,2017. 1. 3.
362,릴레이보이2 훈훈한 남자 4명과 크리스마스파티를 한다면,조회수 171905회,1.2천,28,2016. 12. 24.
363,스타일티처개잘또 혁쌤,조회수 17228회,195,13,2016. 12. 23.
364,릴레이보이의 크리스마스 메세지,조회수 21063회,266,13,2016. 12. 22.
365,방박불가 낯선 여자가 친구라며 갑자기 친한 척을 한다면-여자들의 여우짓,조회수 584843회,4.6천,96,2016. 12. 16.
366,방박불가 포스터 촬영현장,조회수 29381회,356,2,2016. 12. 15.
367,노래방어택 노래방에 나의 롤모델인 가수가 들어온다면 9 김윤아,조회수 513150회,1.3천,91,2016. 12. 10.
368,릴레이보이2 훈남들이 여자에게 세수를 시켜준다면,조회수 414167회,2.1천,56,2016. 12. 9.
369,릴레이보이 여동예고편,조회수 35335회,345,9,2016. 12. 8.
370,릴레이보이2 마지막 멤버 공개,조회수 56084회,460,16,2016. 12. 8.
371,릴레이보이2 세번째 멤버 공개,조회수 64697회,434,11,2016. 12. 7.
372,릴레이보이2 두번째 멤버 공개,조회수 71537회,625,10,2016. 12. 6.
373,취중토크 릴레이보이1기 편,조회수 191502회,1.6천,13,2016. 12. 5.
374,릴레이보이2 첫번째 멤버 공개,조회수 81225회,697,17,2016. 12. 5.
375,방박불가 낯선여자가 여자친구라며 갑자기 화를 낸다면,조회수 403626회,2.9천,50,2016. 12. 2.
376,노래방어택 좋아하는 아이돌이 노래방을 습격했다 8 B1A4,조회수 786539회,6.3천,113,2016. 12. 1.
377,노래방어택 노래방에 나의 롤모델인 가수가 들어온다면 7 지코,조회수 1026713회,8.6천,172,2016. 11. 26.
378,방박불가 예고 몰래카메라,조회수 1278521회,1.3만,247,2016. 11. 25.
379,방박불가 케미테스트,조회수 94976회,745,6,2016. 11. 25.
380,수고했어 오늘도 수능 스트레스 쌓인 고3 팬과 오락실 데이트 12 B1A4 진영,조회수 1195002회,1.4만,134,2016. 11. 25.
381,쇼핑메이트 장난기 가득한 남자 모델이 나를 완벽히 변신 시켜준다면 07 정혁,조회수 98979회,1.2천,11,2016. 11. 25.
382,노래방어택 노래방에 갑자기 좋아하는 가수가 들어온다면 6 규현,조회수 679244회,4천,97,2016. 11. 19.
383,릴레이보이 마지막 인터뷰,조회수 70765회,967,13,2016. 11. 14.
384,릴레이보이 훈남들이 여자에게 밥을 먹여준다면,조회수 373517회,2.2천,45,2016. 11. 12.
385,수고했어 오늘도 존경하는 배우의 연기를 눈 앞에서 본다면 11 유지태,조회수 914991회,9.3천,128,2016. 11. 11.
386,미용실어택 연예인이 나의 소원을 들어준다면-박재범편,조회수 107837회,809,14,2016. 11. 11.
387,추억팔이 시대별 사복 변천사,조회수 700987회,4.1천,127,2016. 11. 10.
388,쇼핑메이트 눈에서 꿀 떨어지는 훈남모델과 쇼핑데이트를 한다면 06 변우석,조회수 228644회,1.5천,23,2016. 11. 10.
389,릴레이보이 훈남모델이 GD메이크업을 받는다면,조회수 2019727회,2만,541,2016. 10. 29.
390,수고했어 오늘도 고생한 팬 어부바 해주는 강식당 직원 피오의 역대급 인생 영상 10 블락비 피오,조회수 2770935회,5.3만,355,2016. 10. 29.
391,에브리서울패션위크 2016 ESFW,조회수 7602회,56,2,2016. 10. 26.
392,훈남저격5 서울 패션 페스티벌,조회수 113480회,407,23,2016. 10. 24.
393,훈남저격4 경희대,조회수 426754회,2.8천,105,2016. 10. 21.
394,릴레이보이 훈남 모델들이 팬과 소개팅을 한다면 2번째,조회수 192969회,1.2천,13,2016. 10. 15.
395,수고했어 오늘도 좋아하는 연예인이 우는 나를 달래준다면 9 샤이니 종현,조회수 6412919회,13만,862,2016. 10. 14.
396,릴레이보이 남자들이 여자1명과 아바타소개팅을 한다면,조회수 404388회,2.6천,51,2016. 10. 10.
397,미용실어택 좋아하는 연예인이 머리를 감겨준다면-닉쿤편,조회수 687668회,1천,145,2016. 10. 10.
398,쇼핑메이트 옥택연이 나의 옷을 골라준다면 05 옥택연,조회수 338668회,1.6천,29,2016. 10. 7.
399,릴레이보이스페셜 : 남자들이 여자에게 소개팅메이크업을 해준다면 WithSF9,조회수 1142576회,1.2만,144,2016. 10. 1.
400,수고했어 오늘도 좋아하는 연예인과 차 안 데이트를 한다면 8 다비치 강민경,조회수 1279831회,6.8천,137,2016. 9. 30.
401,쇼핑메이트 츤데레 모델이 나의 쇼핑을 도와준다면04 김기범,조회수 250238회,1.3천,19,2016. 9. 30.
402,럭키박스 꽃인턴 스트릿 브랜드 털러감,조회수 15767회,143,2,2016. 9. 26.
403,스타일101 여자들이 좋아하는 남친룩,조회수 154554회,2.1천,24,2016. 9. 20.
404,쇼핑메이트소년미 낭낭한 모델과 운동화 쇼핑을 한다면 03 안승준,조회수 83283회,726,5,2016. 9. 18.
405,릴레이보이 남자들이 여자에게 패디큐어를 해준다면,조회수 285066회,1.4천,39,2016. 9. 16.
406,노래방어택 노래방에 갑자기 좋아하는 가수가 들어온다면 5 임창정,조회수 1264857회,3.9천,136,2016. 9. 13.
407,수고했어 오늘도 기생충 기우와 같이 버스 데이트를 한다면 7 최우식,조회수 1046482회,7.2천,77,2016. 9. 12.
408,릴레이보이 훈남 모델들이 여자의 머리를 감겨준다면,조회수 551578회,2.7천,58,2016. 9. 9.
409,쇼핑메이트 잘생긴 남자모델이 나의 쇼핑을 도와준다면02 장성훈,조회수 144952회,841,12,2016. 9. 9.
410,쇼핑메이트 남친미 냥냥한 훈남 모델과 쇼핑을 한다면 01 강희,조회수 179764회,823,16,2016. 8. 29.
411,릴레이보이 훈남모델 4명이 여자1명과 귀신의집을 간다면,조회수 604690회,3.4천,108,2016. 8. 26.
412,수고했어 오늘도 좋아하는 연예인과 밥을 먹는다면 6 원더걸스 유빈,조회수 1729453회,9.8천,210,2016. 8. 19.
413,릴레이보이 훈남4명이 여자1명과 요리를 한다면,조회수 258259회,1.3천,26,2016. 8. 12.
414,훈남저격3 성균관대,조회수 234877회,569,73,2016. 8. 11.
415,수고했어 오늘도 현아가 나의 알바를 도와준다면 5 현아,조회수 1856917회,1.5만,205,2016. 8. 5.
416,릴레이보이 남자 모델들이 커플요가를 한다면,조회수 89609회,598,7,2016. 7. 27.
417,나는 주인공이다 7화 카페에서 폭탄제거하는 난 뭐야,조회수 10924회,65,2,2016. 7. 25.
418,나는 주인공이다 8화 클럽 섹시녀 나 주인공이야 뭐야,조회수 548854회,766,104,2016. 7. 25.
419,오늘의 패피 3,조회수 6379회,29,0,2016. 7. 22.
420,수고했어 오늘도 동백꽃 용식이가 고기를 구워 먹여준다면 4 강하늘,조회수 984657회,6.2천,78,2016. 7. 22.
421,릴레이보이남자들이 여자에게 네일아트를 해준다면,조회수 175209회,745,12,2016. 7. 13.
422,나는 주인공이다 6화 갑자기 차에 치인 무언가 길거리 헌팅이야 뭐야,조회수 10840회,76,2,2016. 7. 7.
423,나는 주인공이다 5화 섹시 청순 둘 다 내꺼 어장관리야 뭐야,조회수 14497회,82,2,2016. 7. 7.
424,나는 주인공이다 4화 인공호흡하려고 사심이야 뭐야,조회수 41788회,143,12,2016. 7. 7.
425,나는 주인공이다 3화 버스에서 이러면 그린라이트야 뭐야,조회수 398827회,749,143,2016. 7. 6.
426,취향존중TV8모델들의 퇴근 후,조회수 30952회,125,0,2016. 7. 6.
427,나는 주인공이다  2화 좀비 곡성이야 워킹데드야 뭐야,조회수 13291회,89,5,2016. 7. 6.
428,나는 주인공이다  1화 여친 앞에서 오줌지린 난 뭐야,조회수 42302회,201,18,2016. 7. 6.
429,NOMA style 7 그 남자의 방,조회수 2324회,13,1,2016. 7. 5.
430,릴레이보이 남자들이 여자에게 클렌징을 해준다면,조회수 508075회,2.2천,36,2016. 7. 2.
431,취향존중TV 7,조회수 14790회,67,1,2016. 7. 1.
432,취향존중TV 6 다이어트는 내일부터,조회수 10756회,49,1,2016. 6. 30.
433,취향존중TV5 버내너,조회수 16962회,57,2,2016. 6. 28.
434,취향존중TV 4,조회수 21085회,102,7,2016. 6. 23.
435,취향존중TV 3 뷰티풀,조회수 5757회,41,1,2016. 6. 21.
436,릴레이보이 남자들이 여자에게 메이크업을 해준다면,조회수 791553회,4.3천,105,2016. 6. 21.
437,NOMA style6 퇴근 후,조회수 1479회,6,1,2016. 6. 20.
438,취향존중TV 2,조회수 6541회,36,5,2016. 6. 19.
439,취향존중TV 1 셀카바보,조회수 5482회,31,1,2016. 6. 17.
440,NOMA style5 남자모델의 흔한 먹방,조회수 4083회,5,1,2016. 6. 15.
441,NOMA style4 타투,조회수 6361회,19,1,2016. 6. 11.
442,훈남저격 2 국민대 편,조회수 287675회,727,56,2016. 6. 11.
443,NOMA style3 쇼 리허설,조회수 610회,4,0,2016. 6. 7.
444,NOMA style 1 백스테이지,조회수 957회,5,0,2016. 6. 2.
445,NOMA style: cover edition모델 노마한의 타투 이야기,조회수 3547회,22,0,2016. 5. 23.
446,훈남저격 1한국외대편,조회수 567888회,2.9천,136,2016. 5. 22.
447,스타일101 실제 여자들이 더 좋아하는 룩,조회수 1771655회,6.5천,242,2016. 5. 16.
448,스타일101 실제 연하남이 더 좋아하는 룩,조회수 1880399회,7.3천,434,2016. 5. 16.
449,추억팔이 시대별 교복 변화  Korean high school uniform evolution,조회수 1828335회,8.5천,288,2016. 5. 13.
450,추억팔이 1분만에 보는 아이돌 팬클럽 변천사Kpop Fanclub History HOT GOD 동방신기 EXO,조회수 186143회,1.6천,205,2016. 5. 9.
451,스타일101 취향저격 스쿨룩의 정석 l School Looks 2016,조회수 737658회,3.1천,90,2016. 5. 8.
452,수고했어 오늘도 당황 주의 에릭남을 친구로 착각한 주인공 집에 데려다 준다니까 납치인 줄 알고 도망감ㅋㅋㅋㅋ 에릭남이 나를 데리러 온다면 2 에릭남,조회수 1704988회,1.1만,193,2016. 5. 4.
453,남자의 인생템 미니쿠퍼 컨버터블 - 남자가 미니타면 별론가요 l Mini Cooper Convertible,조회수 62921회,111,12,2016. 5. 2.
454,남자의 인생템 미니쿠퍼 컨버터블 일반인 리얼 시승기 l Mini Cooper Convertible Trial,조회수 61693회,116,7,2016. 4. 27.
455,수고했어 오늘도  편의점에 갑자기 연예인이 나타난다면 1 하하,조회수 3825348회,2.2만,536,2016. 4. 24.
456,SFW 2016 S/S 스티브요니 세로패션쇼,조회수 3462회,22,0,2016. 4. 22.
457,SFW 남자들이 환장한다는 눈웃음을 가진 모델 송해나 포토타임,조회수 9006회,40,2,2016. 4. 22.
458,SFW 참스CHARMS 패션쇼 2016 S/S,조회수 2752회,23,0,2016. 4. 22.
459,SFW 대세모델 정호연의 화끈한 팬서비스 포토타임,조회수 12588회,116,0,2016. 4. 22.
460,취향저격 변우석X지이수 두사람의 이상형은,조회수 51093회,325,8,2016. 4. 21.
461,취향저격 김기범X여연희 연애에 관한 11가지 질문,조회수 18579회,79,1,2016. 4. 21.
462,SFW X style101 2016 S/S 서울패션위크 스트릿룩,조회수 1294회,10,0,2016. 4. 21.
463,취향저격 신용국X배윤영 둘의 음식 케미는,조회수 2118회,16,1,2016. 4. 21.
464,SFW 포토타임 수줍은데 할건 다 해주는 남친느낌의 모델 방태은,조회수 18645회,115,1,2016. 4. 21.
465,SFW 작정하고 제대로 팬서비스 중인 모델 조민호,조회수 5623회,41,0,2016. 4. 20.
466,SFW 세로패션쇼 JKOO,조회수 1298회,8,0,2016. 4. 20.
467,SFW 셀카 백장 찍어서 한 장 건진 비쥬얼쩌는 모델 이철우 주우재,조회수 8283회,57,1,2016. 4. 20.
468,취향저격 장기용X이진이 첫만남부터 썸인가요,조회수 47368회,313,14,2016. 4. 20.
469,SFW 안승준의 팬서비스 쩌는 포토타임,조회수 7706회,48,1,2016. 4. 20.
470,스무살의 요리 셰프 김소희의 오뎅핫도그 만들기,조회수 9754회,84,6,2016. 4. 20.
471,SFW 이번 패션위크에서 역대급 사고낸 한상혁 디자이너ㅋㅋ,조회수 85257회,240,10,2016. 4. 20.
472,SFW 포스 쩌는 장윤주의 모델워킹 최신판,조회수 1364845회,4.3천,123,2016. 4. 19.
473,SFW 문수권MUNSOO KWON 패션쇼_남자모델들이 떼로 몰려온다,조회수 1951회,15,0,2016. 4. 19.
474,취향저격 박형섭X이호정 솔직남녀 사심 인터뷰,조회수 5126회,27,0,2016. 4. 19.
475,SFW 왠지 친근돋는 디자이너들의 피날레인사,조회수 1811회,10,1,2016. 4. 19.
476,구라래쇼 6화 - 고Jㅏ새끼,조회수 85512회,442,25,2016. 4. 11.
477,구라래쇼 4화 - 기모찌 일본어,조회수 58189회,302,5,2016. 4. 11.
478,구라래쇼 5화 - 구라시키 사이코,조회수 58757회,370,6,2016. 4. 11.
479,남자의 인생템 - 한때 명품 시계 차던 허세왕 이상민의 현재,조회수 138802회,289,16,2016. 3. 31.
480,남자의 인생템 4화 - 요즘 남성들 사이에서 유행하는 시계는,조회수 1183052회,2.4천,386,2016. 3. 31.
481,패션필름 2016 S/S 로우클래식 Style Film,조회수 3856회,26,0,2016. 3. 30.
482,스타일101 실제 남자들이 말하는  남자들 환장하는 여친룩 모음,조회수 4633964회,1.5만,5.2천,2016. 3. 30.
483,블랙인더트랩 남주혁의 올블랙 스타일링,조회수 438143회,2.6천,37,2016. 3. 30.
484,구라래쇼 3화 - AV배우와 그라비아 모델의 차이점,조회수 144412회,313,11,2016. 3. 28.
485,남자의 인생템 3화 - 이상민 드디어 롤스로이스 계약서에 사인하다 l ROLLS ROYCE Review,조회수 1360986회,1.8천,296,2016. 3. 23.
486,구라래쇼 2화 - 욕으로 들리는 일본어,조회수 113833회,841,22,2016. 3. 21.
487,남자의 인생템 예고1 - 롤스로이스 안 사고 롤스로이스 있는 척 하는 꿀팁 대공개,조회수 5741회,12,0,2016. 3. 16.
488,남자의 인생템 예고2 - 롤스로이스 30대를 구매한 재벌은 누구,조회수 3773회,5,1,2016. 3. 16.
489,남자의 인생템 2화 - 롤스로이스 안에 숨겨진 1mmROLLS ROYCE Ghost,조회수 534324회,893,75,2016. 3. 16.
490,구라래쇼 1-2화 알아두면 넘나 좋은 실전 일본어,조회수 256304회,2.6천,115,2016. 3. 15.
491,구라래쇼 일본에서 형제는 브라자다 - 1-2화 short ver,조회수 5939회,17,0,2016. 3. 15.
492,구라래쇼 일본에서 조심히 말해야 할 단어 - 1-2화 short ver,조회수 11380회,32,1,2016. 3. 15.
493,구라래쇼 걸그룹 일본어로 말하기 - 1-2화 short ver,조회수 8860회,29,0,2016. 3. 15.
494,구라래쇼 1-1화 - 29금 박나래를 당황시킨 오늘 배울 일본어는,조회수 148150회,758,24,2016. 3. 15.
495,구라래쇼 자지가 뭐에요 몰카 - 1-1화 short ver,조회수 140784회,598,61,2016. 3. 14.
496,구라래쇼 일본여행 갔을 때 쇼핑꿀팁 - 1-1화 short ver,조회수 35103회,174,3,2016. 3. 14.
497,노래방어택 노래방에 갑자기 좋아하는 가수가 들어온다면 4 거미,조회수 1190397회,2.7천,128,2016. 3. 12.
498,남자의 인생템 화이트데이 남자들이 챙겨야 할 사탕보다 중요한 이 것,조회수 4409회,7,1,2016. 3. 12.
499,남자의 인생템 예고3 - 그녀는 예뻤다 속 똘기자 최시원의 실제 모델은 누구,조회수 4326회,7,1,2016. 3. 9.
500,남자의 인생템 1화 - 오빠 차 뽑았다♬ 그 당시 오빠들의 드림카는,조회수 232295회,406,35,2016. 3. 9.
501,남자의 인생템 예고1 - 길을 가다 옷에 커피를 흘렸을 때 꿀팁,조회수 11927회,13,2,2016. 3. 9.
502,남자의 인생템 예고2 - 20세기 부자 이상민은 어떻게 21세기 빚쟁이가 되었나,조회수 12234회,13,1,2016. 3. 9.
503,PFW 파리 패션위크를 준비하는 아아린 옷장과 숙소 공개,조회수 9761회,45,2,2016. 3. 8.
504,스타일101 항공점퍼 뽕뽑는 5가지 스타일링 소개,조회수 346813회,952,205,2016. 3. 8.
505,PFW 프랑스인들아 신인모델 '홍지수'를 부르는 방법 ㅋㅋ,조회수 33078회,112,28,2016. 3. 8.
506,PFW 발망쇼 경호원 철통보안도 뚫은 아이린의 딩고캠,조회수 18222회,60,2,2016. 3. 8.
507,PFW 파리패션위크는 딩고스튜디오에서_모델 홍지수,조회수 1793회,7,1,2016. 3. 8.
508,PFW 파리패션위크에서 무려 16개의 초대장을 받은 아이린 초대장 직접 공개,조회수 33966회,181,3,2016. 3. 8.
509,PFW 프랑스에서도 잘나가는 셀럽 아이린의 일터 환경,조회수 10173회,25,1,2016. 3. 8.
510,여행DJ 내생애 한번쯤 프랑스,조회수 1545회,10,0,2016. 3. 6.
511,패션필름 2016 S/S JKOO Style Film,조회수 3518회,12,2,2016. 3. 6.
512,뷰티101 걸그룹 같은 알록달록 레인보우 헤어 만들기,조회수 2168회,18,0,2016. 2. 22.
513,스타일101 다이어트 파이터 - 누가 더 날씬해 보이는가 diet fighter,조회수 201830회,461,45,2016. 2. 17.
514,뷰티101 러블리 하트헤어,조회수 3190회,69,0,2016. 2. 16.
515,노래방어택  노래방에 갑자기 좋아하는 가수가 들어온다면 3 이수,조회수 2302910회,6.9천,311,2016. 2. 13.
516,노래방어택 노래방에 갑자기 좋아하는 가수가 들어온다면 2 백지영,조회수 1449744회,4.6천,194,2016. 2. 5.
517,스타일101 수트는 항상 옳다 올겨울에도 내 남친 몸에 수트 박제,조회수 78125회,206,9,2016. 1. 29.
518,뷰티인사이드 이번에 같이 캠핑 데이트한 남친은 with 변우석 5,조회수 113708회,485,14,2016. 1. 13.
519,뷰티인사이드 커플운동 할때는 이렇게 메이크업하자 with 강희 3,조회수 39821회,129,6,2016. 1. 10.
520,뷰티인사이드 여자들이 “메이크업 안했다”고 하는 말의 진짜 의미 4,조회수 7155회,39,1,2016. 1. 10.
521,스타일101 남친룩의 정석 장갑편,조회수 58875회,49,14,2016. 1. 10.
522,스타일101 양면으로 입는 리버서블 아우터 스타일링,조회수 37407회,29,3,2016. 1. 10.
523,헬로프롬뉴욕 목에다 하는 초커가 허리에도 맞는 최소라,조회수 1631105회,4.7천,1.1천,2015. 12. 29.
524,자막 EP08–이게 엔딩일 리가 없잖아 - 대세는 백합Lily Fever,조회수 1140069회,7.5천,176,2015. 12. 23.
525,Bonus Video♥ /대세는 백합Lily Fever - 이게 안무연습 일리가 없잖아,조회수 292492회,2.8천,17,2015. 12. 21.
526,자막 EP07– 야한것을 할 리가 없잖아 - 대세는 백합Lily Fever,조회수 1496828회,6.5천,251,2015. 12. 21.
527,Eng Sub EP06–알러지 치료법일 리가 없잖아 - 대세는 백합Lily Fever,조회수 7670550회,1.4만,1.8천,2015. 12. 21.
528,Bonus Video♥Short Ver/대세는 백합Lily Fever - 2인조 걸그룹 데뷔일 리가 없잖아,조회수 286181회,1천,21,2015. 12. 16.
529,Bonus Video♥Long Ver/대세는 백합Lily Fever - 2인조 걸그룹 데뷔일 리가 없잖아,조회수 522967회,1.9천,51,2015. 12. 16.
530,Eng Sub EP05– 세랑이 종북일 리가 없잖아 - 대세는 백합Lily Fever,조회수 862073회,5.7천,130,2015. 12. 16.
531,Eng Sub EP04–이 드라마가 신파일 리 없잖아 - 대세는 백합Lily Fever,조회수 1200106회,7.7천,192,2015. 12. 16.
532,자막 EP02–인공호흡일 리가 없잖아- 대세는 백합Lily Fever,조회수 7637887회,3.5만,2.1천,2015. 12. 14.
533,Eng Sub EP03–이런 할머니가 있을 리 없잖아- 대세는 백합Lily Fever,조회수 2613834회,1.3만,576,2015. 12. 14.
534,자막 EP01–첫 화부터 살인일 리가 없잖아 -  대세는 백합Lily Fever,조회수 1646690회,1.1만,255,2015. 12. 14.
535,자막 Prologue–이게 시작일 리가 없잖아 - 대세는 백합Lily Fever,조회수 378559회,2.6천,41,2015. 12. 14.
536,Eng Sub 대세는 백합Lily FeverTEASER2 - 후방주의 혼자 봐야하는 본격 여X여 드라마,조회수 877224회,2.2천,241,2015. 12. 13.
537,Eng Sub 대세는 백합Lily FeverTEASER1 -샤워중인 세랑과 경주의 파격 키스신,조회수 1291429회,3.1천,317,2015. 12. 13.
538,스타일101 정말 따뜻해 보이는 카멜 코디법,조회수 39126회,125,6,2015. 12. 8.
539,스타일101 세상에서 가장 쉽게 보타이 나비넥타이 매는 방법 How to bowtie,조회수 31564회,20,6,2015. 12. 8.
